p_ar_mois,p_ar_vol,p_ar_ash,p_ar_fc,p_ar_sul
31.94,24.98,26.55,16.53,2.575
30.65,25.63,27.81,15.91,3.197
31.63,25.19,26.23,16.95,2.742
31.48,25.45,25.58,17.49,2.718
31.21,25.32,27.46,16.01,2.64
31.15,26.11,25.82,16.92,3.119
30.27,24.66,29.48,15.59,2.488
29.65,25.22,28.7,16.43,2.632
30.22,24.94,28.04,16.8,2.69
30.32,25.4,28.01,16.27,3.046
31.46,24.87,27.6,16.07,2.487
32.6,26.69,23.91,16.8,2.929
32.11,25.44,24.33,18.12,2.502
31.6,25.22,25.56,17.62,2.54
32.39,26.88,23.83,16.9,2.999
30.84,25.44,25.83,17.89,2.533
30.68,26.43,25.73,17.16,2.412
30.71,26.8,24.21,18.28,2.94
31.36,25.97,24.86,17.81,2.677
34.51,25.93,21.37,18.19,2.651
33.83,25.99,20.87,19.31,2.798
33.8,26.07,20.27,19.86,2.372
32.76,25.08,25.56,16.6,2.858
31.45,24.9,25.63,18.02,2.518
30.9,25.29,25.5,18.31,2.505
30.48,26.11,27.21,16.2,3.108
31.06,25.84,24.85,18.25,2.659
31.13,25.29,24.72,18.86,2.747
30.28,25.66,27.21,16.85,3.208
32.43,25.02,22.72,19.83,2.584
32.25,24.93,25.15,17.67,2.818
30.85,24.87,26.75,17.53,2.674
29.65,24.78,28.31,17.26,3.002
31.01,24.86,25.66,18.47,2.75
30.68,25.39,25.33,18.6,2.841
31.01,25.6,23.01,20.38,2.677
29.6,25.44,29.85,15.11,2.983
29.35,24.96,27.23,18.46,2.814
30.93,24.88,25.37,18.82,2.63
29.04,25.81,26.64,18.51,2.803
29.67,26.89,27.63,15.81,3.043
30.71,25.31,25.71,18.27,2.739
30.62,27,24.59,17.79,3.13
29.17,26.29,24.78,19.76,2.753
31.15,26.14,23.99,18.72,2.813
30.14,26.31,25.84,17.71,3.381
29.57,27.13,23.63,19.67,3.052
29.95,25.51,27.5,17.04,3.17
30.77,27.15,23.28,18.8,2.994
29.87,26.52,23.68,19.93,2.861
30.46,26.73,22.44,20.37,2.811
31.26,26.47,25.5,16.77,3.056
32.44,26.44,21.32,19.8,2.915
31.58,26.91,21.36,20.15,3.097
30.65,27.01,22.75,19.59,3.063
32.36,25.03,25.33,17.28,2.571
31.32,25.91,25.31,17.46,3.082
32.79,26.47,19.23,21.51,2.692
32.04,26.28,20.94,20.74,2.666
32.11,25.25,22.91,19.73,2.898
30.75,25.66,26.18,17.41,2.768
30.59,25.76,26.78,16.87,3.215
31.41,25.57,22.88,20.14,2.84
33.75,26.2,22.12,17.93,2.949
32.71,25.48,23.46,18.35,2.904
33.28,25.28,22.64,18.8,2.965
34.58,26.15,20.6,18.67,3.308
33.16,25.2,25.38,16.26,2.447
32.61,25.41,24.98,17,3.2
30.92,25.76,25.03,18.29,2.544
30.77,24.97,27.49,16.77,2.472
31.72,26.56,26.02,15.7,3.193
31.59,26.7,25.54,16.17,2.794
31.19,26.19,27.84,14.78,2.899
31.23,25.6,26.69,16.48,2.672
32.03,24.28,26.26,17.43,2.477
31.96,26.31,26.07,15.66,3.153
32.27,24.48,25.78,17.47,2.51
31.65,24.47,27.4,16.48,2.505
31.14,25.99,28.61,14.26,2.815
31.31,25.69,28.3,14.7,3.05
33.3,26.38,21.45,18.87,2.906
32.95,25.71,23.32,18.02,3.071
30.92,25.51,26.12,17.45,2.894
30.37,25.63,26.08,17.92,2.966
31.95,26.49,22.51,19.05,2.806
31.14,26.59,24.99,17.28,2.881
32.99,26.66,20.07,20.28,3.009
32.67,26.82,17.68,22.83,2.79
33.69,26.98,17.58,21.75,3.3
32.53,26.39,19.47,21.61,2.752
33.23,26.43,21.62,18.72,2.909
33.26,25.99,22.23,18.52,2.801
33.43,26.35,21.39,18.83,2.692
32.44,25.86,23.75,17.95,2.749
30.65,24.7,26.42,18.23,3.042
29.75,23.52,29.38,17.35,2.36
30.69,24.37,25.05,19.89,2.499
30.03,23.87,28.4,17.7,2.435
33.16,26.34,23.38,17.12,2.253
33.4,25.91,23.18,17.51,2.332
33.99,26.13,22.83,17.05,2.467
33.44,25.84,22.09,18.63,2.462
33.57,25.45,20.32,20.66,2.427
33.71,25.57,20.29,20.43,2.308
28.72,28.88,18.47,23.93,2.394
33.76,25.1,19.76,21.38,2.778
33.37,25.66,22.15,18.82,2.558
32.49,25.54,25.02,16.95,2.622
31.14,26.18,22.63,20.05,2.917
31.8,26.43,21.8,19.97,2.935
31.7,26.34,21.89,20.07,3.054
31.9,26.16,22.41,19.53,2.781
31.06,26.14,23.54,19.26,2.83
31.09,26.11,24.75,18.05,2.82
31.64,26.16,22.33,19.87,3.134
31.64,26.06,23.02,19.28,3.11
30.66,25,26.35,17.99,2.902
31.22,25.53,22.67,20.58,2.941
30.73,25.37,23.83,20.07,2.883
33.82,23.57,26.48,16.13,2.755
34.03,25.71,20.3,19.96,2.545
32.93,25.96,21.91,19.2,2.661
33.05,25.74,22.34,18.87,2.638
31.73,23.29,26.48,18.5,2.673
30.03,23.65,27.93,18.39,2.919
31.84,25.16,23.5,19.5,2.754
32.04,25.17,23.02,19.77,2.695
33.18,26.11,23.86,16.85,2.402
32.19,26.19,23.28,18.34,2.848
33.41,24.68,23.71,18.2,3.006
33.15,24.15,24.86,17.84,2.802
33.32,24.67,22.29,19.72,2.711
32.84,23.93,26.63,16.6,2.565
32.26,24.67,23.91,19.16,2.613
32.62,24.11,24.39,18.88,2.804
34.18,24.97,23.47,17.38,3.414
34.31,24.95,23.23,17.51,3.453
34.08,25.71,24.06,16.15,3.234
35.13,24.99,23.39,16.49,3.42
34.21,25.42,25.03,15.34,2.772
33.02,24.33,27.96,14.69,2.511
33.97,25.39,23.1,17.54,2.714
33.95,25.75,22.94,17.36,2.797
28.74,23.06,34.64,13.56,2.476
29.89,23.56,29.84,16.71,2.799
29.74,22.99,30.64,16.63,2.763
28.43,23.52,29.53,18.52,3.443
30.24,23.89,25.43,20.44,3.066
27.75,23.92,31.67,16.66,2.994
30.47,24.22,25.65,19.66,2.794
28.81,24.15,29.7,17.34,2.936
31.31,23.34,29.06,16.29,2.664
31.03,23.2,26.03,19.74,3.06
30.67,23.95,26.97,18.41,2.897
31.05,23.97,26.56,18.42,2.748
31.24,24.62,25.02,19.12,2.885
31.45,23.52,27.74,17.29,2.632
28.54,22.56,33.51,15.39,3.093
31.61,27.12,23.2,18.07,2.831
32.39,27.22,22.62,17.77,3.305
32.05,27.56,23.28,17.11,2.874
32.75,26.52,20.67,20.06,3.013
33.35,27.23,18.94,20.48,3.006
32.91,26.65,20.19,20.25,3.005
31.87,25.31,25.2,17.62,2.774
31.99,27.81,24.63,15.57,3.261
30.85,27.05,24.93,17.17,3.161
31.78,27.54,23.65,17.03,3.884
30.83,26.88,24.53,17.76,3.177
30.32,27.19,24.65,17.84,3.172
28.98,26.57,27.23,17.22,3.13
26.78,25.96,32.61,14.65,3.687
29.54,26.88,25.94,17.64,3.203
29.74,27.13,25.58,17.55,3.206
29.26,26.14,29.76,14.84,2.939
27.23,25.52,32.05,15.2,3.079
30.45,27.23,26.21,16.11,2.989
29.96,26.83,27.34,15.87,2.931
30.44,24.92,29.74,14.9,2.896
32.48,27.09,25.13,15.3,3.448
30.69,25.45,28.31,15.55,3.078
31.62,25.5,28.04,14.84,2.92
30.29,24.61,30.24,14.86,2.956
31.08,25.26,29.55,14.11,3.177
30.3,25.07,29.5,15.13,3.04
31.47,24.54,29.47,14.52,2.833
29.64,24.61,30.89,14.86,2.976
31.76,26.1,26.7,15.44,2.86
30.61,27.45,23.98,17.96,3.03
29.62,25.74,29.2,15.44,2.887
29.8,26.56,28.35,15.29,2.937
32.25,24.94,26.61,16.2,2.944
28.91,26.87,28.37,15.85,2.908
31.59,27.96,23.83,16.62,3.282
29.57,26.86,26.22,17.35,2.818
29.33,25.81,28.79,16.07,2.971
29.8,27.4,29.29,13.51,3.367
30.01,25.85,27.2,16.94,2.993
29.84,26.03,29.34,14.79,2.763
28.74,26.4,28.43,16.43,2.961
28.55,28.5,28.64,14.31,3.566
28.92,25.73,28.3,17.05,2.89
29.87,24.94,30.07,15.12,2.72
28.49,23.61,33.36,14.54,2.566
29.51,25.03,28.71,16.75,2.767
31.29,27.44,27.22,14.05,3.225
28.57,26.32,28.12,16.99,2.873
30.19,25.79,28.42,15.6,2.812
31.54,28.29,24.43,15.74,3.303
29.06,26.54,27.6,16.8,2.806
29.45,27.11,26.83,16.61,2.799
32.54,28.01,22.09,17.36,3.228
28.48,25.81,29.56,16.15,2.977
27.91,26.16,29.95,15.98,2.915
29.35,25.68,29.64,15.33,2.93
28.81,27.06,29.35,14.78,3.16
27.54,25.86,32.78,13.82,3.063
27.3,25.58,32.78,14.34,3.055
30.16,26.79,29.35,13.7,3.132
31.71,26.65,28.06,13.58,3.534
29.27,26.34,28.33,16.06,3.157
28.54,26.25,29.42,15.79,3.129
28.88,26.1,29.12,15.9,3.072
27.2,27.43,30.13,15.24,3.005
27.56,28.96,31.35,12.13,3.402
26.16,27.24,31.04,15.56,3.091
26.2,27.52,31.02,15.26,3.124
29.92,25.72,28.52,15.84,2.655
29.79,26.13,27.52,16.56,2.871
28.99,26.06,29.08,15.87,2.847
25.27,26.52,32.6,15.61,3.085
26.6,27.51,29.02,16.87,2.752
26.46,27.39,28.73,17.42,2.834
29.74,27.55,27.98,14.73,3.14
29.37,26.18,30.48,13.97,3.216
29.09,26.72,27.64,16.55,3.025
30,26.32,27.19,16.49,3.017
27.39,25.02,32.69,14.9,2.893
29.17,27.28,28.96,14.59,3.779
28.55,25.31,30.97,15.17,2.828
29.06,24.97,30.73,15.24,2.73
26.8,27.52,29.14,16.54,3.136
27.51,26.58,30.51,15.4,3.022
29.56,27.04,27,16.4,3.492
27.8,27.42,28.2,16.58,3.172
31.3,28.26,22.51,17.93,2.633
32.16,27.57,22.03,18.24,3.054
32.63,25.93,24.68,16.76,2.712
33.63,27.95,21.46,16.96,2.719
28.67,27.56,27.2,16.57,3.036
27.89,26.12,30.68,15.31,2.972
30.06,28.62,25.59,15.73,3.675
27.56,25.93,29.86,16.65,2.819
30.66,26.68,26.72,15.94,2.928
28.85,26.01,30.14,15,2.977
28.64,26.68,28.07,16.61,2.859
30.12,28.55,26.02,15.31,3.446
32.28,28.13,26.49,13.1,3.342
32.5,28.33,25.4,13.77,3.395
32.24,28.79,24.48,14.49,3.499
32.22,27.61,24.48,15.69,3.559
28.11,27.22,27.56,17.11,2.817
27.52,27.99,29.46,15.03,3.591
27.24,27.91,27.78,17.07,2.981
27.88,27.59,26.87,17.66,2.891
30.36,26.68,26.04,16.92,2.973
28.11,26.69,29.16,16.04,2.853
27.58,26.58,29.89,15.95,2.832
30.69,25.83,26.66,16.82,3.088
30.36,26.34,26.65,16.65,2.845
30.75,28.21,27.08,13.96,3.338
29.12,25.33,30.35,15.2,2.768
28.76,26.27,30.44,14.53,3.142
30.56,26.97,26.05,16.42,2.918
30.17,26.77,26.81,16.25,2.955
28.67,26.27,29.39,15.67,2.811
30.7,28.94,23.82,16.54,3.488
28.24,27,27.68,17.08,2.851
28.58,26.67,27.56,17.19,2.866
29.95,28.08,22.31,19.66,2.916
30.57,26.33,28.3,14.8,2.853
31.12,29.65,20.97,18.26,3.346
31.83,27.2,22.96,18.01,2.832
32.57,26.68,25.5,15.25,2.771
32.33,27.04,24.65,15.98,2.8
34.24,26.27,24.31,15.18,2.781
30.13,27.52,27.41,14.94,3.853
31.44,28.39,23.59,16.58,3.603
31.27,28.59,23.02,17.12,3.744
30.97,27.96,26.72,14.35,3.404
30.25,26.76,28.38,14.61,3.288
31.61,25.96,25.01,17.42,3.031
31.68,26.56,24.57,17.19,2.989
31.31,26.57,25.96,16.16,3.129
31.6,26.43,27.14,14.83,3.339
30.39,26.85,25.55,17.21,3.105
32.27,26.5,24.88,16.35,2.978
29.86,25.41,31.47,13.26,3.278
31.56,26.86,25.26,16.32,2.909
31.52,27.23,24.61,16.64,2.858
31.16,26.99,26.28,15.57,2.767
29.59,25,31.22,14.19,3.137
31.4,26.79,25.5,16.31,2.884
31.37,26.92,25.34,16.37,2.909
31.58,25.86,28.63,13.93,2.706
31.88,25.39,28.46,14.27,2.804
32.96,25.46,27.11,14.47,2.805
32.38,26.89,24.55,16.18,2.714
32.85,27.38,26.32,13.45,3.228
31.97,25.61,26.83,15.59,2.803
32.78,25.84,25.62,15.76,2.799
31.41,24.88,28.98,14.73,2.811
29.9,28.08,29.91,12.11,3.441
30.44,26.42,26.25,16.89,2.907
30.15,26.75,26.83,16.27,2.953
29.97,26.68,27.36,15.99,2.957
33.08,27.25,25.79,13.88,3.36
29.63,26.46,27.46,16.45,2.907
29.6,26.5,28.15,15.75,2.888
30.3,25.36,29.22,15.12,2.804
31.51,26.76,27.66,14.07,3.476
30.8,26.46,26.62,16.12,2.691
30.39,26.43,27.16,16.02,2.829
34.62,26.58,24.63,14.17,3.628
31.04,26.15,25.87,16.94,2.81
30.97,26.22,26.56,16.25,2.95
30.83,26.47,26.66,16.04,2.935
31.56,26.95,27.67,13.82,3.519
30.25,26.35,27.2,16.2,2.865
30.98,26.32,24.96,17.74,2.901
30.55,26.66,25.33,17.46,3.001
31.52,26.81,28.42,13.25,3.678
31.01,25.04,28.07,15.88,3.138
31.25,26.29,27.58,14.88,2.844
30.97,25.7,29.14,14.19,3.462
28.5,26.99,30.26,14.25,2.825
28.73,27.02,29.93,14.32,2.746
29.58,26.51,28.53,15.38,2.772
30.22,26.7,28.85,14.23,3.712
29.19,27.05,28.01,15.75,2.95
29.25,27.41,27.36,15.98,2.933
30.8,27.63,26.8,14.77,3.644
29.79,27.31,25.62,17.28,2.998
31.1,25.21,28.28,15.41,2.916
32.09,24.86,27.26,15.79,2.78
31.2,26.91,29.23,12.66,3.552
31.25,26.28,27.98,14.49,2.957
32.11,26.43,25.46,16,2.913
29.14,27.08,31.23,12.55,3.35
29.03,25.32,31.68,13.97,2.955
28.69,25.44,31.03,14.84,3.009
28.78,25.51,30.94,14.77,3.032
28.6,27.62,30.27,13.51,3.464
28.56,26.75,32.39,12.3,3.163
29.29,27.07,28.39,15.25,2.998
29.31,27,29.07,14.62,3.029
31.5,24.91,28.72,14.87,2.703
31.12,25.41,28.41,15.06,2.725
31,26.18,27.87,14.95,2.79
30.63,25.18,28,16.19,2.582
29.06,26.79,32.34,11.81,3.514
28.91,26.5,30.58,14.01,3.156
28.77,26.65,28.38,16.2,2.61
29.24,26.81,27.64,16.31,2.604
32.08,26.39,25.33,16.2,2.752
31.5,26.53,26.17,15.8,2.873
32.1,25.82,26.31,15.77,2.929
28.65,26.38,30.55,14.42,3.602
29.96,27.05,26.34,16.65,3.167
29.42,27.48,26.05,17.05,3.109
29.39,27.28,26.48,16.85,3.147
32.03,25.86,28.67,13.44,3.369
32.83,25.69,26.28,15.2,2.883
32.95,25.82,25.13,16.1,2.891
32.74,26,24.82,16.44,2.881
29.99,27.01,27.46,15.54,2.934
30.22,27.29,25.59,16.9,2.91
31.77,25.89,28.64,13.7,3.126
30.58,26.21,27.49,15.72,3.329
34.27,24.76,26.04,14.93,2.601
34.02,24.46,26.41,15.11,2.563
34.21,25.28,25.16,15.35,2.558
33.68,25.89,26.47,13.96,2.821
32.34,26.87,26.22,14.57,3.339
31.84,26.52,25.14,16.5,2.902
32.09,26.31,26.19,15.41,2.884
30.48,24.99,28.91,15.62,2.825
30.05,25.58,27.35,17.02,2.805
29.24,25.7,28.14,16.92,2.61
29.86,25.41,29.81,14.92,2.733
32.19,24.87,27.59,15.35,2.842
32,25.08,27.16,15.76,3.145
31.76,25.58,27.01,15.65,2.842
31.4,25.74,27.38,15.48,2.958
31.26,25.48,29.64,13.62,3.058
29.99,25.92,28.94,15.15,3.043
30.32,25.98,28.08,15.62,3.122
32.84,25.87,28.46,12.83,3.061
29.98,25.48,30.59,13.95,3.208
31.96,24.95,29.08,14.01,2.88
31.98,25.5,29.16,13.36,2.656
34.39,26.1,25.31,14.2,3.308
32.41,25.23,27.42,14.94,2.848
31.77,25.56,28.18,14.49,2.872
29.85,25.54,31.06,13.55,3.605
30.07,27.65,26.62,15.66,3.246
29.31,27.02,27.94,15.73,3.094
29.55,26.83,28,15.62,3.31
30.3,27.38,26.52,15.8,3.155
29.46,26.84,28.11,15.59,3.055
29.51,26.61,28.67,15.21,3.1
30.56,26.13,28.47,14.84,2.787
31.01,25.34,27.66,15.99,2.781
32.36,25.15,28.07,14.42,2.947
31.5,26.58,26.49,15.43,2.971
32.53,26.44,25.91,15.12,3.144
32.17,26.14,25.38,16.31,2.864
31.54,27.19,24.41,16.86,2.885
31.73,24.9,30.63,12.74,2.662
32.37,25.7,26.34,15.59,2.808
32.79,26.03,25.43,15.75,2.743
32.79,25.33,27.3,14.58,2.875
31.88,26.42,26.4,15.3,2.905
31.75,26.38,26.27,15.6,2.911
32.46,25.33,27.46,14.75,3.172
31.44,25.95,27.1,15.51,2.943
31.57,26.12,25.75,16.56,2.958
31.55,26.28,26.46,15.71,3.034
31.85,25.16,28.02,14.97,2.721
31.75,25.88,27.46,14.91,2.717
31.54,25.72,30.04,12.7,2.691
31.34,27.63,25.1,15.93,3.298
32.26,26.3,25.21,16.23,3.052
34.94,25.86,26.84,12.36,2.988
34.05,25.94,24.22,15.79,2.852
34.11,25.43,25.42,15.04,2.761
33.58,25.35,25.96,15.11,2.71
30.28,24.67,30.45,14.6,3.058
33.81,25.59,24.98,15.62,2.803
32.32,26.15,27.27,14.26,2.768
31.55,25.12,27.12,16.21,2.717
30.74,25.42,28.33,15.51,2.893
33.82,26.24,27.89,12.05,3.129
32.07,26.71,25.5,15.72,2.837
31.34,25.47,29.03,14.16,2.859
31.4,26.23,27.18,15.19,3.043
31.66,26.42,27.74,14.18,3.134
32.68,25.91,25.88,15.53,3.013
31.53,26.82,25.5,16.15,2.914
30.96,25.75,30.58,12.71,3.265
29.72,24.5,29.36,16.42,2.985
29.08,24.52,29.75,16.65,2.949
29.36,25.45,31.32,13.87,3.013
27.66,26.81,29.99,15.54,3.064
28.84,26.65,29.94,14.57,3.159
29.26,26.65,29.1,14.99,3.256
29.15,28.3,28.98,13.57,3.22
29.31,26.52,29.58,14.59,3.02
28.73,24.92,32.75,13.6,2.939
28.25,26.39,31.16,14.2,2.994
28.83,26.64,28.99,15.54,2.912
30.49,27.34,28.26,13.91,3.287
29.6,26.39,27.6,16.41,2.995
29.94,27,25.04,18.02,3.193
31.2,27.23,27.18,14.39,3.161
30.88,25.28,29.61,14.23,3.114
30.57,26.51,28.92,14,3.287
31.46,26.71,26.67,15.16,3.056
31.1,24.28,30.08,14.54,3.028
30.88,25.84,29.24,14.04,3.503
30.88,25.49,28.05,15.58,2.997
30.28,25.37,29.11,15.24,2.872
31.38,26.92,24.18,17.52,3.094
30.11,26.85,27.32,15.72,3.092
28.7,25.86,31.4,14.04,3.663
31.52,26.42,27.41,14.65,3.034
32.11,25.96,27.35,14.58,2.968
30.54,26.1,28.98,14.38,2.952
30.77,26,29.04,14.19,2.976
31.03,28.02,22.33,18.62,2.692
30.76,28.78,23.84,16.62,3.029
30.91,29.23,22.07,17.79,2.962
30.1,29.74,24.57,15.59,2.965
28.91,27.9,27.55,15.64,3.834
30.02,26.78,27.35,15.85,2.916
30.44,27.34,25.53,16.69,3.03
27.71,28.08,28.38,15.83,3.786
29.97,26.94,26.59,16.5,2.913
30.5,27.09,25.53,16.88,2.853
32.84,26.45,26.68,14.03,3.171
31.11,25.85,28.1,14.94,2.85
31.03,25.75,28.97,14.25,2.903
32.09,27.26,27.51,13.14,3.518
29.79,26.85,28.57,14.79,2.907
29.96,27.26,27.5,15.28,2.885
29.77,28.25,25.97,16.01,3.378
28.59,27.72,27.32,16.37,3.361
29.01,27.48,27.19,16.32,3.421
29.36,27.85,28.14,14.65,3.257
29.24,27.7,26.31,16.75,3.18
28.69,27.88,26.86,16.57,3.206
29.44,25.83,31.46,13.27,3.044
29.67,25.9,30.66,13.77,3.029
31.68,26.33,26.14,15.85,3.134
29.77,26.51,30.26,13.46,2.933
30.42,26.47,27.67,15.44,3.044
27.54,26.23,31.19,15.04,3.187
29.24,27.41,28.92,14.43,3.229
28.65,28.14,26.97,16.24,3.229
29.75,25.48,31.12,13.65,3.145
31.52,26.6,28.61,13.27,3.272
30.95,26.71,25.79,16.55,3.294
30.81,26.51,26.7,15.98,3.378
28.58,27.14,28.72,15.56,3.343
28.54,27.29,30.09,14.08,3.479
28.35,28.32,26.03,17.3,3.227
28.47,28.01,25.89,17.63,3.241
26.97,26.93,30.89,15.21,3.333
28.26,27.42,30.13,14.19,3.298
31.14,27.05,25.88,15.93,2.872
32.31,26.54,24.79,16.36,2.837
28.44,27.98,26.55,17.03,3.752
29.91,27.49,26.09,16.51,2.868
30.5,27.64,23.99,17.87,2.741
30.5,26.33,26.05,17.12,3.121
31.52,25.98,26.86,15.64,2.954
32.42,26.39,26.78,14.41,2.936
31.69,25.55,25.35,17.41,3.046
30.63,26.2,27.88,15.29,2.829
30.65,26.61,27.44,15.3,2.85
30.7,25.72,29.05,14.53,2.908
30.26,27.13,27.54,15.07,3.024
29.92,26.62,27.27,16.19,2.963
31.15,26.27,25.68,16.9,2.827
31.58,26.82,25.77,15.83,2.86
29,25.24,31.38,14.38,3.389
29.49,26.57,29.81,14.13,2.942
30.95,25.85,28.51,14.69,2.752
30.88,26.33,29.1,13.69,2.814
31.87,25.16,28.85,14.12,2.891
30.64,25.23,30.13,14,3.271
31.59,25.44,28.66,14.31,2.859
31.96,25.97,27.46,14.61,2.8
33.21,23.65,28.25,14.89,3.334
32.41,24.51,25.9,17.18,2.96
32.5,24.74,26.45,16.31,2.994
32.24,24.68,27.01,16.07,3.05
29.59,25.9,30.19,14.32,3.102
29.29,25.03,27.97,17.71,2.801
30.58,25.24,29.72,14.46,3.013
30.86,26.38,26.87,15.89,2.936
31.11,26.77,26.35,15.77,2.944
30.91,25.12,30.27,13.7,3.207
31.52,26.4,26.43,15.65,2.841
31.3,26.63,25.98,16.09,2.844
29.37,26.26,29.42,14.95,3.423
28.19,25.73,30.77,15.31,2.982
27.24,25.99,30.32,16.45,3.495
26.71,26.78,31.01,15.5,2.878
27.34,26.59,30.55,15.52,2.984
29.17,24.67,32.42,13.74,2.786
31.72,27.11,26.21,14.96,3.338
30.52,26.15,28.92,14.41,2.786
30.52,26.05,28.87,14.56,2.788
31.95,25.96,26.5,15.59,3.071
32.34,26.69,24.77,16.2,3.063
31.93,26.72,25.44,15.91,3.122
29.84,26.49,25.66,18.01,3.453
30.67,25.59,29.9,13.84,3.123
31.03,26.27,27.15,15.55,2.896
29.03,27.87,27.36,15.74,3.139
25.76,24.81,35.55,13.88,3.077
31.68,26.38,26.02,15.92,2.749
30.98,26.99,26.03,16,3.106
29.99,26.98,27.05,15.98,3.363
30.15,26.5,26.68,16.67,3.071
30.02,27.05,25.56,17.37,3.119
31.78,24.63,29.71,13.88,2.855
32.04,25.67,27.2,15.09,2.981
32.49,25.44,26.65,15.42,2.942
32.27,26.16,26.19,15.38,2.974
32.25,25.75,27.32,14.68,3.047
31.36,25.98,27.66,15,3.232
31.59,24.65,28.25,15.51,3.049
31.57,25.72,28.27,14.44,3.115
32.55,24.33,29.13,13.99,2.822
32.82,25.38,27.3,14.5,2.953
30.48,26.87,26.67,15.98,2.84
31.12,25.81,28.52,14.55,2.739
29.61,26.25,29.41,14.73,3.11
29.1,27.27,27.87,15.76,2.954
31.06,26.87,27.16,14.91,3.265
29.35,25.44,28.7,16.51,3.364
29.56,25.45,27.76,17.23,3.393
30.14,25.65,30.96,13.25,2.953
30.07,26.13,28.61,15.19,3.046
30.56,24.18,31.76,13.5,3.23
31.86,26.29,24.29,17.56,3.583
31.29,25.45,29.61,13.65,2.9
30.07,24.97,30.7,14.26,3.151
30.2,26.96,26.75,16.09,3.691
30.88,26.67,26.57,15.88,3.421
29.16,23.07,32.18,15.59,3.184
31.09,25.51,26.07,17.33,3.896
30.15,22.36,32.17,15.32,3.013
28.44,25.11,31.93,14.52,3.146
28.94,25.05,30.96,15.05,3.143
30.69,25.94,29.76,13.61,3.036
30.59,25.14,28.8,15.47,3.199
31.79,25.49,28.62,14.1,2.737
29.56,26.16,29.37,14.91,3.181
29.95,26.49,28.09,15.47,3.18
27.77,25.32,33.65,13.26,3.009
29.75,25.25,30.88,14.12,2.95
31.22,26.02,27.17,15.59,3.062
30.19,24.57,30.64,14.6,2.868
32.08,27.15,27.05,13.72,3.14
30.46,25.57,28.47,15.5,2.979
32.23,28.24,23.63,15.9,3.482
31.4,25.59,28.43,14.58,3.015
30.5,26.8,27.23,15.47,2.989
30.39,26.79,27.63,15.19,3.056
30.54,24.18,30.73,14.55,3.237
29.77,25.35,28.96,15.92,2.978
29.7,25.66,28.14,16.5,2.962
27.42,24.63,32.28,15.67,3.101
28.49,24.45,30.3,16.76,2.87
30.37,23.5,30.27,15.86,2.767
27.95,23.32,29.76,18.97,3.142
31.08,24.45,26.66,17.81,2.886
29.45,24.38,29.89,16.28,3.128
28.8,25.34,27.83,18.03,2.986
30.01,23.67,31.12,15.2,3.177
30.27,24.47,28.4,16.86,2.746
29.83,24.84,28.09,17.24,2.881
30.91,24,28.27,16.82,2.709
30.13,21.57,33.04,15.26,2.702
33.41,22.99,28.52,15.08,2.561
32.21,23.78,27.55,16.46,2.728
32.6,23.46,27.85,16.09,2.764
28.64,24.27,31.17,15.92,2.776
29.34,22.42,33.24,15,2.578
29.23,24.15,30.19,16.43,2.743
29.7,24.65,27.67,17.98,2.677
30.06,23.66,28.98,17.3,2.655
31.82,23.73,28.8,15.65,2.8
31.24,24.7,27.93,16.13,2.854
30.53,26.08,27.98,15.41,2.834
26.89,26.63,32.28,14.2,2.898
29.37,25.8,29.52,15.31,2.784
28.58,26.76,29.63,15.03,2.663
30.07,26.32,28.25,15.36,2.871
27.36,28.25,28.74,15.65,3.276
29.86,25.67,29.08,15.39,2.926
25.76,29.67,29.11,15.46,3.687
30.39,24.68,30.3,14.63,2.93
26.24,26.25,29.49,18.02,3.727
31.38,27.01,24.7,16.91,3.101
31.68,26.68,24.18,17.46,3.156
28.52,25.85,29.16,16.47,3.156
27.87,26.8,28.72,16.61,3.218
28.82,25.41,31.33,14.44,2.963
26.97,26.42,30.79,15.82,2.909
29.09,27.04,29.17,14.7,2.812
27.85,26.89,31.37,13.89,3.285
27.08,28.19,30.37,14.36,3.628
29.08,29,27.89,14.03,3.06
28.02,25.9,33.34,12.74,2.798
28.76,27.1,30.62,13.52,2.805
29.37,26.41,30.09,14.13,2.77
29.47,27.5,27.86,15.17,2.739
27.95,25.57,33.24,13.24,2.681
26.64,29.28,31.7,12.38,3.432
28.34,26.9,30.86,13.9,2.547
27.93,27.07,30.62,14.38,2.713
28.05,27.33,29.79,14.83,2.722
29.49,26.48,31.44,12.59,2.898
29.75,23.57,31.81,14.87,2.853
28.33,24.2,32.29,15.18,2.873
30.06,25.5,29.76,14.68,2.827
28.64,25.57,29.78,16.01,3.175
29.68,24.44,33.13,12.75,2.874
29.8,25.67,31.64,12.89,2.611
28.67,25.17,33.23,12.93,2.496
28.57,24.88,33.27,13.28,2.451
27.65,26.54,32.47,13.34,2.847
28.57,27.04,31.65,12.74,2.764
29.11,25.91,30.13,14.85,2.723
29.25,26.79,29.4,14.56,2.825
30.14,25.65,30.13,14.08,2.672
29.68,26.51,31.42,12.39,2.583
29.91,26.27,29.83,13.99,2.612
29.84,27.04,29.79,13.33,2.541
29.68,25.65,31.94,12.73,2.615
29.07,24.99,33.34,12.6,2.735
29.22,26.24,29.79,14.75,2.688
28.86,26.79,29.87,14.48,2.675
29.53,26.65,28.75,15.07,2.744
30.02,26.77,28.25,14.96,2.696
29.75,24.52,33.06,12.67,2.734
29.24,26.42,30.71,13.63,2.792
29.51,26.4,30.91,13.18,2.519
28.78,26.39,31.3,13.53,2.529
31.68,28.67,23.33,16.32,2.589
32.81,28.08,22.13,16.98,2.669
32.09,28.67,25.05,14.19,2.891
32.16,29.36,22.97,15.51,2.347
30.04,25.22,31.22,13.52,2.709
29.05,26.79,30.28,13.88,2.73
29.36,27.19,29.63,13.82,2.735
28.95,25.53,32.67,12.85,2.562
29.93,26.05,29.16,14.86,2.585
28.95,26.41,29.86,14.78,2.713
29.79,26.56,29.54,14.11,2.801
30.33,27.32,28.2,14.15,2.619
30.38,26.43,30.02,13.17,2.323
29.73,26.48,29.3,14.49,2.369
30.66,24.83,30.81,13.7,2.837
31.52,26.41,26.11,15.96,2.829
31.12,25.89,28.32,14.67,2.754
31.96,25.28,28.51,14.25,2.73
30.26,26.12,29.48,14.14,2.667
30.96,27.1,28.85,13.09,2.884
30.29,27.47,25.95,16.29,2.859
30.75,27.27,25.85,16.13,2.903
30.22,25.37,29.03,15.38,2.783
32.82,28.08,21.44,17.66,2.06
29.26,26.87,28.74,15.13,2.703
29.82,25.4,28.06,16.72,2.91
29.72,25.44,27.92,16.92,2.886
29.25,25.06,31.22,14.47,2.859
29.66,25.18,30.21,14.95,2.905
29.7,25.22,30.04,15.04,2.942
29.39,24.95,32.2,13.46,2.906
29.88,24.69,31.06,14.37,2.721
28.88,26.07,29.59,15.46,2.96
29.21,27.32,26,17.47,3.08
29.18,26.65,27.74,16.43,3.019
29.38,24.89,31.6,14.13,2.795
32.2,28.4,21.17,18.23,2.096
30.9,27.24,27.07,14.79,2.706
29.3,27.15,26.24,17.31,2.761
28.79,27.28,29.56,14.37,2.615
28.3,27.48,30.1,14.12,2.643
29.81,26.03,28.57,15.59,2.829
31.78,28.4,21.47,18.35,2.109
29.23,26.41,28.93,15.43,2.812
28.34,25.58,30.72,15.36,2.487
29.9,29.28,20.94,19.88,2.146
29.89,26,31.68,12.43,3.017
27.99,27.12,29.89,15,2.768
28.14,26.97,29.62,15.27,2.702
29.79,27.47,27.38,15.36,3.052
27.54,27.2,31.22,14.04,2.719
27.64,26.99,30.51,14.86,2.792
29.04,25.43,31.33,14.2,2.551
29.09,26.77,30.02,14.12,2.679
29.36,26.69,28.59,15.36,2.617
27.82,27.2,29.64,15.34,3.476
28.41,26.97,28.29,16.33,2.785
27.32,27.01,29.78,15.89,2.83
28.96,26.94,30.56,13.54,2.554
28.88,27.5,27.5,16.12,2.999
27.99,28,28.23,15.78,3.14
25.63,30.2,28.44,15.73,2.957
28.02,28.1,27.6,16.28,2.829
26.93,28.66,27.49,16.92,2.87
28.75,27.88,27.57,15.8,2.773
26.94,26.5,31.18,15.38,2.574
27.08,26.89,30.23,15.8,2.852
27.22,26.56,30.86,15.36,2.869
26.46,26.71,30.8,16.03,2.98
26.02,26.7,32.02,15.26,2.924
26.89,27.55,30.46,15.1,2.896
27.75,26.54,29.61,16.1,2.928
27.77,29.46,28.97,13.8,3.445
26.46,27.26,30.2,16.08,2.791
26.65,26.87,29.75,16.73,2.691
29.48,25.44,30.68,14.4,2.625
28.35,24.78,31.86,15.01,2.547
28.41,25.12,31.39,15.08,2.592
29.69,25.34,32.66,12.31,2.355
30.62,26.14,30.74,12.5,2.793
28.7,26.92,30.33,14.05,2.543
30.07,26.63,29.19,14.11,2.525
28.84,26.1,28.68,16.38,2.45
30.48,27.33,29.6,12.59,2.876
29.32,26.3,28.55,15.83,2.67
28.28,27.11,28.12,16.49,2.773
29.17,26.05,29.54,15.24,2.35
30.4,27.52,26.94,15.14,2.788
28.98,27.21,27.16,16.65,2.56
28.89,27.1,27.51,16.5,2.649
28.04,27.2,28.71,16.05,2.896
26.65,26.71,32.78,13.86,2.6
26.39,26.99,31.16,15.46,2.679
28.11,24.81,30.48,16.6,2.522
28.35,25.09,29.8,16.76,2.526
28.06,25.65,29.1,17.19,2.552
28.43,27.65,27.19,16.73,2.627
28.42,28.09,26.57,16.92,2.737
30.34,27.2,26.86,15.6,2.524
29.7,28.32,25.8,16.18,2.609
28.23,26.16,33.2,12.41,2.696
29.48,27.58,28.79,14.15,2.83
28.7,27.04,28.09,16.17,2.561
30.03,24.76,30.92,14.29,2.438
30.96,26.58,27.67,14.79,2.495
28.68,27.62,26.7,17,2.704
29.57,27.54,26.61,16.28,2.619
30.05,26.11,29.41,14.43,2.387
29.81,26.84,26.33,17.02,2.541
29.76,27.28,27.19,15.77,2.576
30.39,27.35,26.88,15.38,2.635
30.03,27.36,26.35,16.26,2.452
28.76,27.47,26.57,17.2,2.495
28.98,27.62,27.44,15.96,2.84
27.96,30.37,24.04,17.63,3.011
28.75,28.52,25.57,17.16,2.587
30.02,27.1,26.69,16.19,2.623
31,28.63,23.39,16.98,2.526
28.68,28.56,26.11,16.65,2.712
30.97,27.81,24.3,16.92,2.624
28.73,29.62,25.07,16.58,2.903
30.27,28.72,24.52,16.49,2.688
30.32,26.58,26.2,16.9,2.494
31.49,27.16,25.09,16.26,2.545
30.79,27.41,25.35,16.45,2.62
31.25,26.93,25.22,16.6,2.692
30.21,26.4,29.31,14.08,2.537
30.98,28.93,19.02,21.07,1.888
31.45,28.62,21.13,18.8,2.429
30.51,28.99,21.9,18.6,2.32
29.13,26.36,28.3,16.21,2.689
28.73,28.12,29.3,13.85,3.039
28.45,28.27,26.37,16.91,2.716
30.18,25.5,30.08,14.24,2.808
31.67,27.76,23.23,17.34,2.669
30.54,28.17,25.49,15.8,2.654
30.55,27.75,23.23,18.47,3.127
28.65,27.19,27.71,16.45,3.007
28.41,27.03,28.51,16.05,2.622
28.77,28.63,27.04,15.56,2.788
29.23,26.62,27.56,16.59,2.687
28.51,27.22,28.14,16.13,2.776
29.31,26.98,30,13.71,2.821
29.47,27.82,25.94,16.77,2.636
29.67,27.17,28.42,14.74,2.79
28.94,25.21,31.59,14.26,2.72
27.93,27,29.11,15.96,2.773
30.95,26.34,27.01,15.7,2.799
28.7,29.08,29.13,13.09,3.474
28.91,27.9,26.91,16.28,2.994
30.13,26.65,27.5,15.72,2.871
28.45,28.11,27.37,16.07,3.303
28.75,27.56,26.72,16.97,2.739
28.38,27.51,27.76,16.35,2.744
29.41,26.85,27.14,16.6,3.1
29.76,27.73,25.87,16.64,2.855
29.64,27.46,26.32,16.58,2.841
29.13,27.16,28.53,15.18,2.562
30.84,28.73,21.93,18.5,3.058
29.15,27.14,26.78,16.93,2.684
29.25,27,27.58,16.17,2.68
30.4,28.46,24.3,16.84,2.884
29.54,28.02,23.48,18.96,2.877
29.97,27.8,23.64,18.59,2.717
30.69,27.47,21.75,20.09,2.384
30.82,25.36,25.53,18.29,2.681
28.92,27.14,24.6,19.34,3.163
30.92,25.6,25.5,17.98,2.787
30.16,25.57,25.65,18.62,2.795
29.08,26.3,31.19,13.43,2.51
29.7,28.81,24.35,17.14,3.001
27.9,25.61,33.07,13.42,2.584
28.08,26.37,31.56,13.99,2.551
28.49,24.39,30.37,16.75,2.617
29.52,25.31,28.62,16.55,2.656
28.68,25.16,29.5,16.66,2.781
27.89,25.33,32.06,14.72,2.679
31.07,27.44,27.99,13.5,2.741
28.77,27.17,27.93,16.13,2.63
28.06,27.75,29.01,15.18,2.727
28.94,25.74,31.02,14.3,2.671
31.36,25.19,26.74,16.71,2.368
31.61,27.06,23.36,17.97,2.119
31.13,27.46,23.45,17.96,2.082
29.92,26.25,29.17,14.66,2.553
31.26,27.63,27.34,13.77,2.542
28.13,27.31,29.18,15.38,2.641
28.42,27.38,28.61,15.59,2.664
29.15,25.76,30.3,14.79,2.742
29.11,27.38,28.96,14.55,2.874
29.07,27.36,27.62,15.95,2.625
28.86,26.87,28.25,16.02,2.725
30.78,26.68,26.58,15.96,2.444
30.84,25.85,26.99,16.32,2.676
30.48,26.34,27.06,16.12,3.226
31.42,26.99,25.18,16.41,2.358
28.15,25.63,29.94,16.28,2.821
27.54,25.73,31.7,15.03,3.198
28.17,27.05,28.06,16.72,2.974
28.67,27.16,27.43,16.74,2.959
28.18,26.19,28.41,17.22,2.969
28.98,26.45,30.67,13.9,2.735
27.69,27.71,27.92,16.68,2.667
28.46,27.34,27.6,16.6,2.763
28.06,26.62,28.81,16.51,2.848
28.05,26.33,27.76,17.86,3.054
28.66,27.78,28.48,15.08,2.924
27.13,26.88,30.21,15.78,3.061
26.84,27.5,29.91,15.75,3.092
27.12,26.35,29.68,16.85,3.234
27.29,28.58,26.98,17.15,3.451
27.26,27.92,28.53,16.29,3.095
30.98,28.64,24.41,15.97,3.095
27.32,27.14,29.19,16.35,2.812
29.02,29.46,23.94,17.58,3.28
27.94,28.91,25.16,17.99,3.046
26.22,29.46,26.01,18.31,3.012
28.63,27.24,28.53,15.6,2.612
29.96,27.31,27.64,15.09,2.529
27.91,27.63,28.35,16.11,2.534
27.74,27.56,29.22,15.48,2.497
28.86,27.05,26.71,17.38,2.668
30.19,25.88,28.12,15.81,2.81
31.41,25.22,26.98,16.39,2.732
29.26,24.91,26.8,19.03,2.707
28.96,26.31,28.81,15.92,2.696
26.98,26.93,29.04,17.05,3.2
25.54,26.51,32.44,15.51,3.094
28.63,28.15,27.08,16.14,3.338
26.58,27.51,28.35,17.56,3.161
29.33,27.03,27.75,15.89,2.725
26.25,29.25,29.36,15.14,3.44
29.13,28.62,24.68,17.57,2.662
27.25,27.89,31.73,13.13,2.893
25.63,28.66,26.94,18.77,3.326
27.45,27.58,29.47,15.5,2.851
31.16,28.43,24.87,15.54,3.22
27.3,28.51,27.29,16.9,2.681
27.95,28.88,24.97,18.2,2.777
28.89,25.92,30.67,14.52,3.058
29.7,27.87,26.23,16.2,3.106
28.59,26.87,29.41,15.13,2.941
28.71,26.54,28.03,16.72,2.943
28.57,27.15,27.58,16.7,3.205
29.05,28.19,25.64,17.12,3.592
28.29,28.05,26.11,17.55,3.357
26.16,29.18,25.87,18.79,3.389
31.48,26.74,25.09,16.69,3.152
30.59,27.18,24.4,17.83,3.143
31,26.96,24.74,17.3,3.182
27.38,25.42,29.34,17.86,3.283
28.1,27.42,27.45,17.03,2.885
27.96,29.48,22.84,19.72,2.546
31.4,29.27,18.06,21.27,2.885
30.03,28.94,20.03,21,3.021
30.54,28.53,18.6,22.33,3.079
31.85,25.95,24.53,17.67,2.825
31.55,26.14,24.45,17.86,2.768
31.16,28.74,20.15,19.95,2.967
31.52,26.55,25.58,16.35,2.88
31.83,25.7,25.39,17.08,2.701
31.9,25.94,24.96,17.2,2.867
30.57,26.77,23.19,19.47,2.934
29.78,26.87,22.83,20.52,2.912
31.94,28.52,19.94,19.6,2.712
29.7,27.59,22.73,19.98,3.514
30,27.58,22.57,19.85,2.981
29.9,26.72,23.43,19.95,3.012
30.04,27.84,21.44,20.68,3.084
28.62,28.23,22.31,20.84,3.009
27.2,28.3,23.69,20.81,3.18
30.15,28.74,19.73,21.38,2.982
27.04,30.53,19.48,22.95,3.047
28.98,28.69,22.2,20.13,3.103
29.58,28.9,21.76,19.76,2.983
29.89,28.51,23.49,18.11,2.929
30.04,28.15,24.01,17.8,3.043
31.55,26.69,25.11,16.65,2.762
31.68,27.46,23.58,17.28,2.743
33.48,27.37,23.07,16.08,2.765
30.3,27.76,25.2,16.74,2.952
30.63,25.24,26.48,17.65,2.533
28.88,25.83,26.27,19.02,2.675
28.58,26.04,28.21,17.17,2.791
28.4,26.71,25.37,19.52,2.88
29.41,26.08,25.78,18.73,2.829
31.52,24.98,26.29,17.21,2.486
31.52,24.75,25.94,17.79,2.367
30.76,24.85,27.13,17.26,2.37
30.84,26.04,25.57,17.55,2.447
30.6,26.22,26.26,16.92,2.734
30.81,26.12,24.94,18.13,2.661
29.12,26.55,28.18,16.15,3.085
28.13,27.13,31.08,13.66,2.564
29.57,27.94,23.46,19.03,3.187
28.9,28.34,23.88,18.88,3.239
29.02,26.6,27.45,16.93,2.696
27.92,27.41,28.89,15.78,2.809
32.79,26.53,24.64,16.04,2.888
30.36,26.82,25.56,17.26,2.699
28.65,27.51,27.41,16.43,2.732
28.57,27.37,26.8,17.26,2.8
28.07,27.38,27.05,17.5,2.948
29.02,26.46,26.78,17.74,2.914
29.28,26.88,26.64,17.2,2.834
29.19,27.39,26.86,16.56,2.921
28.57,26.89,27.47,17.07,2.965
28.11,27.24,26.59,18.06,2.974
27.91,27.64,26.41,18.04,2.983
28.52,26.89,27.12,17.47,2.991
28.4,27.48,29.09,15.03,2.773
28.25,27.46,28.5,15.79,2.787
29.84,27,26.8,16.36,2.727
29.02,27.19,27.94,15.85,2.775
28.7,27.73,27.23,16.34,2.625
29.03,28.25,25.56,17.16,2.919
32.61,26.97,24.82,15.6,2.837
29.14,26.53,29.33,15,2.76
29,27.34,27.72,15.94,2.743
29.08,27.77,25.82,17.33,2.852
26.3,28.52,27.64,17.54,2.668
29.87,27.68,25.76,16.69,2.783
30.5,27.37,25.3,16.83,2.815
30.68,27.31,24.06,17.95,2.472
28.41,27.82,27.53,16.24,2.988
31.29,27.66,23.79,17.26,2.321
29.25,27.38,25.26,18.11,2.724
29.04,27.92,25.01,18.03,2.818
29.38,27.59,24.54,18.49,2.888
29.65,27.59,24.26,18.5,2.991
30.43,27.06,28.43,14.08,2.858
28.86,27.02,28.02,16.1,2.686
29.37,26.85,26.75,17.03,2.545
29.65,26.61,26.8,16.94,2.803
29.78,27.39,24.9,17.93,2.779
29.58,26.71,25.57,18.14,2.968
28.92,28.15,28.7,14.23,3.235
28.94,26.76,28.6,15.7,2.919
28.8,27.44,27.9,15.86,2.934
28.73,27.12,27.78,16.37,3.29
29.05,26.9,30.33,13.72,2.906
28.22,27.34,26.96,17.48,2.959
27.95,27.65,26.96,17.44,2.921
29.46,26.46,26.98,17.1,2.708
31.53,27.95,22.38,18.14,2.922
30.48,27.21,23.93,18.38,2.817
30.49,27.25,24.05,18.21,2.723
30.16,26.9,25.37,17.57,3.015
29.76,28.18,27.22,14.84,3.366
29.75,26.51,26.37,17.37,2.977
30.18,26.86,25.91,17.05,2.997
32.78,27.75,22.95,16.52,2.54
29.28,27.62,24.47,18.63,3.158
29.44,28.14,24.79,17.63,3.136
28.62,28.09,26.92,16.37,2.948
29.61,27.45,26.31,16.63,2.882
31.18,26.58,24.8,17.44,2.829
29.34,27.53,25.71,17.42,2.853
29.29,28.57,21.71,20.43,2.8
28.84,29.27,20.48,21.41,2.725
29.7,28.24,23.38,18.68,2.982
28.81,28.66,24.6,17.93,3.453
25.72,30.16,25.29,18.83,3.07
29.5,28.45,26.25,15.8,2.904
29.35,26.81,26.74,17.1,2.575
31.31,25.22,28.33,15.14,2.62
31.63,26.14,26.41,15.82,2.633
30.47,28.38,25.37,15.78,2.848
29.96,27.27,26.13,16.64,2.728
30.22,27.79,24.33,17.66,2.751
28.51,27.91,25.23,18.35,3.11
28.34,28,24.22,19.44,3.122
30.43,28.3,23.17,18.1,2.653
29.72,26.2,28.73,15.35,2.782
31.32,27.35,24.13,17.2,2.626
29.04,25.95,27.76,17.25,2.945
32.16,27.53,23.39,16.92,2.725
30.7,25.93,26.45,16.92,2.739
31.45,26.36,25.69,16.5,2.909
29.49,25.59,27.33,17.59,2.896
30.72,27.18,26.97,15.13,2.911
30.92,27.08,26.2,15.8,2.707
31.49,27.4,23.94,17.17,2.875
31.41,27.2,24.15,17.24,2.89
31.75,26.8,24.91,16.54,2.749
32.04,27.36,23.71,16.89,2.707
30.55,27.39,24.29,17.77,2.765
32.46,27.2,22.44,17.9,2.517
32.27,27.07,23.1,17.56,2.504
30.76,26.64,25.11,17.49,2.849
30.82,28.33,23.94,16.91,2.97
31.64,28.09,23.26,17.01,2.609
33.14,27.75,21.7,17.41,2.324
32.73,27.47,21.56,18.24,2.497
31.57,28.08,22.79,17.56,2.737
29.77,27.43,25.55,17.25,2.879
29.31,28.11,25.92,16.66,2.877
28.14,28.43,26.29,17.14,3.169
28.39,28.15,24.86,18.6,3.037
28.39,28.15,24.86,18.6,3.037
29.9,27.39,24.37,18.34,2.842
29.81,27.48,25.38,17.33,2.823
28.74,27.23,26.26,17.77,2.798
29.94,27,25.28,17.78,2.735
27.49,28.36,24.26,19.89,2.77
28.29,27.78,25.51,18.42,2.755
29.34,26,29.08,15.58,2.874
28.7,26.21,29.24,15.85,3.104
28.8,26.61,28.18,16.41,2.908
29.42,28.61,23.45,18.52,3.021
30.1,27.54,26.21,16.15,3.144
29.53,28.44,22.66,19.37,2.993
29.36,27.89,25.12,17.63,2.911
28.2,26.69,28.44,16.67,2.902
30.75,27.24,23.47,18.54,2.272
28.28,26.51,28.47,16.74,2.941
28.58,27.25,26.17,18,2.832
28.52,27.29,28.15,16.04,2.929
28.93,27.21,29.06,14.8,2.868
31.11,26.54,26,16.35,2.718
30.35,25.74,28.44,15.47,3.419
30.39,27.6,20.94,21.07,2.311
30.73,26.35,27.32,15.6,2.735
29.83,27.18,27.6,15.39,2.799
29.83,26.97,28.18,15.02,3.343
30.04,26.97,25.38,17.61,2.811
29.68,27.43,26.36,16.53,2.904
30.05,27.38,25.54,17.03,2.916
30.33,26.15,28.87,14.65,2.66
30.39,27.77,26.26,15.58,2.983
29.68,26.54,27.34,16.44,2.538
28.55,26.06,28.56,16.83,3.136
29.93,26.05,27.59,16.43,3.035
30.29,26.1,26.45,17.16,3.072
30.08,27.15,24.52,18.25,2.967
28.84,26.98,26.75,17.43,2.978
28.38,27.25,27.52,16.85,3.002
28.9,27.64,28.34,15.12,3.444
28.75,26.42,28.41,16.42,2.804
28.83,26.67,27.6,16.9,2.846
26.14,27.39,30.64,15.83,3.32
28.16,26.5,28.94,16.4,2.758
30.15,27.5,25.59,16.76,3.267
29.57,25.45,28.46,16.52,2.449
30.23,24.25,30.54,14.98,2.361
29.22,25.68,28.65,16.45,2.438
28.34,28.19,27.21,16.26,4.083
29.8,26.29,29.46,14.45,2.728
29.85,26.67,27.37,16.11,3.335
28.77,26.35,29.39,15.49,2.944
27.92,25.87,28.59,17.62,2.86
28.28,26.64,25.38,19.7,2.9
28.16,28.52,25.35,17.97,3.453
27.21,26.96,25.47,20.36,2.868
29.24,26.59,26.44,17.73,2.462
30.21,26.65,23.9,19.24,2.661
27.32,28.1,27.59,16.99,3.191
27.61,25.93,30.4,16.06,2.533
27.9,26.22,29.97,15.91,2.469
26.55,26.88,31.24,15.33,2.739
28.19,25.94,30.01,15.86,2.71
28.44,25.92,31.12,14.52,2.408
27.77,26.59,30.48,15.16,2.485
28.4,26.91,29.92,14.77,2.269
28.11,26.52,31.16,14.21,2.421
28.29,26.49,30.93,14.29,2.313
28.76,26.03,30.42,14.79,2.876
27.66,26.92,30.64,14.78,2.419
28.19,25.81,31.29,14.71,2.869
28.22,25.48,32.03,14.27,2.827
27.74,26.46,30.03,15.77,2.66
28.19,26.41,31.53,13.87,2.869
29.34,25.22,30.44,15,2.676
30.94,26.01,26.62,16.43,2.618
30.39,27.53,24.32,17.76,2.88
29.83,27.79,24.02,18.36,2.767
27.51,27.73,27.23,17.53,2.89
30.44,27.58,23.63,18.35,2.754
29.83,28.64,23.68,17.85,2.717
30.66,27.83,23.56,17.95,2.725
29.66,27.92,24.14,18.28,2.673
28.78,28.54,23.86,18.82,2.666
29.94,28.13,22.78,19.15,2.608
27.49,26.33,30.56,15.62,2.748
30,28.22,23.75,18.03,2.776
29.71,28.09,23.37,18.83,2.687
29.79,28.51,23.02,18.68,2.587
30.27,28.01,22.38,19.34,2.666
29.45,28.01,23.42,19.12,2.486
29.86,27.94,23.02,19.18,2.637
29.15,27.94,24.27,18.64,2.499
28.27,28.43,24.79,18.51,2.584
29.52,27.94,23.78,18.76,2.602
29.5,28.11,23.29,19.1,2.509
29.84,27.93,23.37,18.86,2.523
29.62,28.18,23.62,18.58,2.478
29.74,28.16,23.07,19.03,2.553
29.85,28.03,24.73,17.39,2.558
30.28,27.92,23.77,18.03,2.55
30.13,27.76,24.24,17.87,2.523
29.8,27.52,24.33,18.35,2.541
29.67,28.14,24.49,17.7,2.602
29.74,28.25,22.41,19.6,2.465
29.6,28.14,23.27,18.99,2.665
29.72,28.17,23.9,18.21,2.468
28.94,28.56,24.04,18.46,2.532
29.13,27.92,24.58,18.37,2.45
29.48,27.52,25.36,17.64,2.739
29.91,28.07,23.25,18.77,2.05
29.36,28.44,23.29,18.91,2.037
27.53,26.61,31.09,14.77,2.45
30.09,28.07,23.38,18.46,2.048
29.56,28.23,24.26,17.95,2.008
30.06,28.65,21.61,19.68,2.272
28.31,28.96,24.6,18.13,2.167
27.05,27.16,29.27,16.52,2.401
29.84,28.35,23.06,18.75,2.217
28.66,28.31,24.14,18.89,2.029
27.88,28.55,24.27,19.3,2.124
28.26,28.06,26.6,17.08,2.442
28.98,27.97,25.22,17.83,2.176
28.8,26.84,28.33,16.03,2.236
28.57,27.82,26.33,17.28,2.432
28.7,26.94,28.3,16.06,2.288
31.23,26.44,25.93,16.4,2.57
29.82,28.61,23.19,18.38,2.67
30.93,28.9,20.82,19.35,2.706
27.97,27.13,28.83,16.07,2.553
30.37,26.67,26.76,16.2,2.692
30.65,28.13,23.65,17.57,2.613
28.78,27.28,27.65,16.29,2.429
27.3,28.19,28.62,15.89,2.508
27.72,27.35,28.67,16.26,2.438
30.06,29.1,21.66,19.18,2.475
30.89,28.59,21.23,19.29,2.586
30.11,29.1,22.32,18.47,2.496
28.39,27.03,28.15,16.43,2.433
29.85,29.46,21.42,19.27,2.529
28.52,27.16,27.76,16.56,2.504
28.85,29.56,21.56,20.03,2.701
27.09,27.79,28.43,16.69,2.364
30.04,28.86,22.09,19.01,2.381
28.56,27.36,28.09,15.99,2.326
30.01,29.3,21.55,19.14,2.252
27.91,27.83,27.68,16.58,2.247
31.4,28.61,20.48,19.51,2.322
26.94,27.24,29.09,16.73,2.586
30.23,29.14,20.89,19.74,2.296
26.48,26.99,30.17,16.36,2.635
30.39,28.82,21.45,19.34,2.348
28.31,27.15,28.41,16.13,2.372
28.16,27.06,28.74,16.04,2.336
29.81,29.15,21.02,20.02,2.376
29.81,29.15,21.02,20.02,2.376
27.58,27.26,29.15,16.01,2.518
31.42,28.33,20.19,20.06,2.262
28.05,27.05,28.52,16.38,2.536
30.08,28.95,20.42,20.55,2.371
27.8,27.28,27.59,17.33,2.681
30.74,28.81,21.17,19.28,2.542
28.11,27.09,28.85,15.95,2.463
30.61,29.02,20.64,19.73,2.28
28.88,26.31,28.04,16.77,2.62
30.76,28.47,22.71,18.06,2.427
28.65,26.46,28.21,16.68,2.649
30.01,28.21,23.9,17.88,2.692
26.81,26.81,28.88,17.5,2.68
29.12,28.16,24.17,18.55,2.53
28.45,26.75,28.1,16.7,2.679
29.72,27.91,26.22,16.15,2.695
31.07,28.58,21.55,18.8,2.531
27.06,27.15,28.92,16.87,2.584
29.87,27.98,22.22,19.93,2.622
26.61,28.13,29.46,15.8,2.621
28.87,28.49,22.66,19.98,2.753
27.47,26.98,29.85,15.7,2.44
27.28,27.16,29.11,16.45,2.49
29.54,28.62,22.6,19.24,2.676
27.58,28.99,25.02,18.41,2.273
27.78,28.4,25.96,17.86,2.539
26.72,29.23,25.99,18.06,2.355
28.24,28.69,26.26,16.81,2.987
28.33,28.45,27.56,15.66,3.035
29.6,28.78,26.22,15.4,2.88
27.93,27.94,28.2,15.93,2.7
27.61,27.7,27.15,17.54,2.496
27.32,27.74,26.36,18.58,2.585
29.02,29.22,23.17,18.59,2.449
27.56,28.38,25.08,18.98,2.502
27.15,28.93,24.44,19.48,2.674
29.41,26.3,28.95,15.34,2.63
29.68,28.79,20.46,21.07,2.118
28.43,29.09,21.33,21.15,2.068
28.4,29.31,20.14,22.15,2.102
28.62,28.29,24.89,18.2,2.029
28.06,26.78,29.74,15.42,2.465
27.47,27.17,29.14,16.22,2.458
26.33,28.7,28.85,16.12,3.165
27.06,27.39,29.91,15.64,2.756
26.65,28.11,28.4,16.84,2.773
26.8,27.82,28.26,17.12,2.854
26.35,28.74,27.99,16.92,3.17
25.98,28.52,29.15,16.35,2.87
25.18,28.84,28.8,17.18,2.911
29.18,27.47,26.06,17.29,2.785
28.39,27.92,27.75,15.94,2.608
31.13,24.7,28.85,15.32,2.748
29.66,26.01,29.98,14.35,2.944
29.58,26.18,28.18,16.06,2.629
26.61,28.33,26.26,18.8,3.313
29.94,29.38,20.38,20.3,2.827
28.19,27.67,26.73,17.41,2.867
28.18,27.72,26.72,17.38,2.877
29.2,26.75,26.77,17.28,2.784
28.23,27.72,27.61,16.44,2.953
27.92,26.53,29.99,15.56,2.506
28.59,26.99,28.26,16.16,2.549
28.88,28.28,26.83,16.01,2.502
28.28,27.09,28.23,16.4,2.679
27.6,27.06,28.97,16.37,2.711
27.9,27.01,29.13,15.96,2.647
27.54,25.51,32.16,14.79,2.766
28.22,26.74,28.9,16.14,2.896
28.4,26.21,29.76,15.63,2.857
28.64,26.5,28.99,15.87,2.718
27.41,27.21,29.37,16.01,2.886
28.98,28.09,27.55,15.38,2.79
27.97,29.04,26.57,16.42,2.865
28.75,27.78,27.97,15.5,3.145
29.46,27.49,28.02,15.03,3.049
29.25,28.27,22.97,19.51,2.648
29.52,27.42,25.97,17.09,2.584
29.35,26.96,28.7,14.99,2.589
28.65,27.07,29.77,14.51,2.932
28.5,27.61,28.02,15.87,2.961
27.9,26.3,30.17,15.63,2.756
27.86,26.72,29.61,15.81,2.798
30.11,25.35,26.4,18.14,2.87
28.47,25.61,29.51,16.41,2.806
29.25,25.91,27.23,17.61,2.611
30.71,26.46,25.61,17.22,2.692
30.04,26.73,27.72,15.51,2.661
30.8,27.52,24.91,16.77,2.912
31.32,25.37,25.86,17.45,2.734
29.49,26.34,28.08,16.09,2.768
29.56,26.59,27.29,16.56,2.643
31.46,27.67,20.93,19.94,2.43
28.78,29.15,27.15,14.92,2.035
28.39,27.34,27.62,16.65,2.286
29.9,26.9,26.34,16.86,2.686
29.71,26.39,28.26,15.64,2.742
31.32,26.77,25.29,16.62,2.638
31.64,27.83,23.68,16.85,2.742
26.69,24.9,34.08,14.33,2.948
29.87,27.77,25.61,16.75,2.785
29.64,28.3,24.79,17.27,2.749
30.28,27.97,24.92,16.83,2.9
31.02,27.78,23.99,17.21,2.813
30.69,26.94,26.06,16.31,2.456
28.8,28.15,26.3,16.75,2.782
30.29,26.91,28.44,14.36,2.821
30.56,27.32,25.92,16.2,2.742
30.17,27.83,26.36,15.64,2.791
27.89,29.21,23.04,19.86,2.622
31.99,25.91,25.54,16.56,2.319
30.83,28.22,21.22,19.73,2.262
28.42,25.24,32.91,13.43,2.458
32.41,27.99,20.21,19.39,2.77
32.2,27.24,22.75,17.81,3.071
29.71,25.45,30.07,14.77,2.366
30.45,26.34,27.12,16.09,2.399
32.16,27.93,22.52,17.39,2.496
31.2,26.26,26.7,15.84,2.454
32.02,26.23,24.27,17.48,2.413
30.61,27.45,25.53,16.41,2.709
31.76,27.43,22.67,18.14,2.178
30.92,29.22,21.49,18.37,2.166
30.88,28.15,25.03,15.94,2.865
30.08,27.9,21.74,20.28,2.113
31.23,27.37,24.3,17.1,2.485
30.51,28.08,22.47,18.94,2.389
30.36,27.49,25.32,16.83,2.681
30.36,27.49,25.32,16.83,2.681
29.99,29.12,22.04,18.85,2.291
30.09,28.34,23.49,18.08,2.755
31.26,28.61,21.36,18.77,2.374
30.29,28.37,22.22,19.12,2.521
30.33,28.9,21.47,19.3,2.367
31.07,27.91,22.53,18.49,2.434
30.72,28.41,23.82,17.05,2.598
28.94,29.5,23.51,18.05,2.92
29.88,27.71,25.2,17.21,2.032
30.76,28.64,23.84,16.76,2.48
29.92,28.01,23.07,19,2.229
29.33,27.08,27.46,16.13,2.623
29.77,28.84,20.37,21.02,2.061
29.95,27.82,24.48,17.75,2.373
30.94,27.55,23.26,18.25,2.332
30.81,27.3,24.2,17.69,2.392
31.05,28.3,22.69,17.96,2.854
30.77,27.43,23.6,18.2,2.303
30.26,26.8,27,15.94,2.671
29.95,27.52,27.28,15.25,2.612
30.73,27.34,25.39,16.54,2.637
29.25,26.87,30.1,13.78,2.613
29.79,27.07,26.62,16.52,2.564
27.74,27.82,28.72,15.72,2.716
31.01,29.62,20.28,19.09,2.601
30.87,27.19,26.28,15.66,2.659
30.53,27.86,24.47,17.14,2.487
28.49,27.02,30.32,14.17,2.737
28.49,27.02,30.32,14.17,2.737
28.84,27.34,28.65,15.17,2.658
31.19,27.5,25.13,16.18,2.627
30.51,27.84,25.02,16.63,2.492
29.89,26.45,28.94,14.72,2.546
31.4,27.04,25.05,16.51,2.668
31.82,27.56,24.73,15.89,3.072
32.83,26.93,22.49,17.75,2.112
30.52,26.45,26.94,16.09,2.488
32.04,28.49,19.52,19.95,2.113
29.88,27.69,24.42,18.01,2.39
30.14,26.84,25.42,17.6,2.348
30.14,26.84,25.42,17.6,2.348
31.03,27.48,25.12,16.37,2.528
31.82,28.59,19.89,19.7,2.426
29.51,27.45,27.16,15.88,2.964
30.18,27.36,27.06,15.4,2.875
31.28,27.84,23.47,17.41,2.302
27.47,29.47,26.15,16.91,2.623
30.37,27.07,27.42,15.14,2.936
29.4,27.28,27.63,15.69,2.745
29.98,27.45,25.75,16.82,2.658
29.7,28.03,24.33,17.94,2.797
29.2,27.91,26.26,16.63,2.8
28.15,28.46,25.8,17.59,2.854
29.67,27.86,24.76,17.71,2.196
30.58,28.73,22.3,18.39,2.325
30.33,28.51,23.75,17.41,2.322
30.02,28.9,22.64,18.44,2.248
30.6,28.95,20.98,19.47,2.415
29.1,27.62,24.58,18.7,2.416
30.2,27.09,24.39,18.32,2.346
29.77,27.58,23.95,18.7,2.365
28.32,28.37,27,16.31,3.252
28.97,27.76,25.99,17.28,2.405
28.25,28.52,25.5,17.73,2.436
30.91,28.16,22.21,18.72,2.341
28.75,28.39,27.56,15.3,2.214
29.37,28.3,24.08,18.25,2.063
31.08,28.29,21.9,18.73,2.143
28.28,28.62,25.85,17.25,2.274
28.04,28.48,25.83,17.65,2.29
29.21,28.16,24.59,18.04,2.387
29.92,27.77,24.93,17.38,2.407
29.88,29.78,18.34,22,1.747
29.54,26.45,27.58,16.43,2.929
29.3,27.79,25.88,17.03,2.696
30.45,30.17,17.76,21.62,1.703
29.49,27.03,26.64,16.84,2.445
29.34,28.29,24.86,17.51,3.712
29.39,27.27,25.46,17.88,2.463
29.13,26.81,27.94,16.12,2.532
28.81,28.53,25,17.66,3.195
28.89,27.93,25.69,17.49,2.988
28.43,26.6,28.78,16.19,2.549
28.16,27.38,29.28,15.18,2.948
27.98,29,25.45,17.57,3.368
28.38,28.83,24.62,18.17,2.618
28.65,26.97,29.19,15.19,2.892
28.66,29.09,23.78,18.47,3.776
28.44,29.12,24.1,18.34,2.647
28.64,26.92,28.94,15.5,2.961
29.49,29.18,21.13,20.2,3.686
29.08,28.07,25.86,16.99,2.836
28.79,27.51,28.29,15.41,2.915
30.03,28.97,21.88,19.12,3.696
29.69,27.15,27.41,15.75,2.659
29.79,26.42,27.88,15.91,2.727
29.32,28.86,23.31,18.51,3.759
29.53,26.16,29.26,15.05,2.46
29.5,25.58,28.98,15.94,2.552
29.55,27.88,24.44,18.13,2.8
28.56,26.59,29.09,15.76,2.477
28.74,26.5,28.63,16.13,2.715
29.06,26.73,28.16,16.05,2.527
28.71,27.6,26.94,16.75,2.797
28.13,27.19,28.84,15.84,3.027
29.58,28.16,24.22,18.04,2.606
27.65,28.98,25.5,17.87,3.254
27.43,28.26,29.23,15.08,3.548
28.42,29.03,24.92,17.63,3.731
30.88,28.61,23.57,16.94,2.844
30.02,26.16,30.04,13.78,2.915
30.36,28.49,23.22,17.93,3.668
29.75,27.92,27.46,14.87,3.193
30.57,25.59,29.45,14.39,2.787
30.49,28.94,21.69,18.88,3.927
30.08,27.89,26.9,15.13,3.154
30.55,26.16,27.11,16.18,2.654
30.43,28.46,24.03,17.08,3.426
29.92,26.12,28.09,15.87,2.639
28.83,25.18,31.29,14.7,2.754
29.57,28.66,24.67,17.1,3.49
29.8,26.64,27.65,15.91,2.867
29.22,25.88,29.23,15.67,2.716
28.26,27.77,26.34,17.63,3.466
28.89,27.1,27.94,16.07,2.76
28.31,26.54,30.83,14.32,3.01
28.25,26.05,30.65,15.05,3.555
29.47,27.07,27.45,16.01,2.876
27.94,27.72,28.3,16.04,3.651
29.16,28.35,23.94,18.55,3.685
28.21,27.26,28.99,15.54,3.055
27.89,26.49,31.48,14.14,3.226
27.66,28.27,27.08,16.99,3.824
28.67,27.82,27.71,15.8,3.122
27.88,26.28,30.53,15.31,3.168
27.61,29.19,27.42,15.78,3.942
29.42,26.1,28.15,16.33,3.252
27.86,28.68,26.8,16.66,3.864
29.16,25.97,29.82,15.05,2.938
29.11,26.37,28.95,15.57,2.938
28.36,25.82,29.52,16.3,3.314
28.06,28.65,26.34,16.95,4.19
29.09,25.97,28.69,16.25,2.967
26.92,25.71,31.31,16.06,2.941
27.95,28.09,28.08,15.88,3.987
28.41,26.52,29.33,15.74,3.191
28.82,28.19,25.45,17.54,3.933
27.74,26.26,30.39,15.61,2.869
28.56,28.91,25.16,17.37,4.185
27.64,26.23,29.71,16.42,2.836
27.86,29.23,26.06,16.85,4.456
27.37,26.78,30.64,15.21,2.768
27.89,26.27,30.78,15.06,3.315
28.27,25.99,30.41,15.33,2.822
28.29,29.89,25.31,16.51,3.988
28.25,26.42,29.13,16.2,2.914
28.48,25.12,32.02,14.38,2.919
28.68,29.43,23.34,18.55,4.228
26.72,27.4,29.32,16.56,2.943
29.17,26.26,28.44,16.13,3.133
28.1,28.46,26.5,16.94,4.034
27.67,27.24,28.06,17.03,2.906
27.34,27.38,28.69,16.59,3.434
29.22,28.49,23.3,18.99,3.721
28.03,26.33,28.02,17.62,2.866
28.5,29.36,23.04,19.1,3.726
27.64,26.38,29.23,16.75,2.883
28.57,26.45,26.27,18.71,2.764
26.95,26.47,31.01,15.57,3.037
26.96,26.8,26.73,19.51,4.357
27.53,26.54,29.43,16.5,2.862
28.02,26.52,28.2,17.26,2.83
27.7,26.66,29.62,16.02,2.895
26.56,26.14,30.57,16.73,3.621
29.12,27.2,25.15,18.53,2.614
28.5,26.18,28.71,16.61,2.82
27.3,27.56,27.44,17.7,2.88
28.79,26.31,27.84,17.06,2.916
28.56,27.24,26.73,17.47,2.795
29.85,27.52,25.39,17.24,2.931
28.43,27.38,29.72,14.47,3.728
29.99,26.81,24.79,18.41,2.588
28.86,26.51,28.38,16.25,2.785
28.15,25.92,28.16,17.77,2.883
28.35,26.2,28.8,16.65,3.016
28.64,26.1,28.94,16.32,3.03
27.02,28.64,29.22,15.12,3.822
28.09,26.91,29.12,15.88,2.846
27.31,27.84,26.76,18.09,2.828
28.3,26.43,29.49,15.78,2.993
27.9,27.35,26.05,18.7,3.67
27.35,26.37,30.5,15.78,3.285
26.83,29.06,29.11,15,4.099
28.02,27.08,28.5,16.4,2.73
28,26.85,27.03,18.12,2.757
29.54,26.55,27.82,16.09,2.672
27.31,29.98,26.51,16.2,3.943
27.43,27.03,28.64,16.9,2.811
28.09,26.85,28.34,16.72,2.896
26.92,27.01,30.09,15.98,2.796
27.41,29.73,25.33,17.53,3.692
27.49,26.46,28.7,17.35,2.952
27.45,26.63,28.9,17.02,2.905
27.17,24.87,32.85,15.11,3.003
27.75,28.32,27.79,16.14,3.828
28.92,25.77,29.01,16.3,2.881
29.01,24.85,30.95,15.19,2.926
27.24,26.92,31.19,14.65,3.295
28.23,29.24,26.79,15.74,3.748
28.86,25.67,29.77,15.7,2.843
27.21,25.21,31.73,15.85,3.045
27.29,29.7,27.82,15.19,3.507
27.96,26.23,28.71,17.1,2.933
28.88,26.86,27.36,16.9,2.834
26.76,24.62,33.08,15.54,3.071
26.87,29.5,27.1,16.53,4.213
27.43,27.42,27.88,17.27,2.88
27.26,25.34,32.23,15.17,3.058
28.02,27.98,29.3,14.7,3.208
27.54,26.36,32.03,14.07,3.076
26.56,29.14,30.82,13.48,3.349
26.38,27.4,30.18,16.04,3.051
28.12,26.45,29.97,15.46,2.994
27.43,28.45,27.43,16.69,3.56
28.52,26.1,27.1,18.28,2.762
30.41,25.41,26.25,17.93,2.59
28.87,26.7,28.23,16.2,2.943
27.79,27.38,24.21,20.62,3.858
28.86,26.7,26.8,17.64,2.717
28.5,26.92,29.45,15.13,3.145
27.05,27.58,29.03,16.34,3.133
28.79,28.42,24.72,18.07,2.966
25.89,28.19,28.99,16.93,3.092
27.41,27.42,26.19,18.98,3.485
28.14,27.93,23.22,20.71,2.832
25.53,28.12,28.39,17.96,3.016
28.29,27.06,24.3,20.35,2.708
25.9,26.96,30.01,17.13,3.555
28.21,26.6,28.23,16.96,2.788
26.47,27.11,29.54,16.88,3.476
27.45,27.83,24.7,20.02,2.978
26.81,28.39,27.2,17.6,3.203
28.89,28.55,24.56,18,3.122
27.18,28.51,24.34,19.97,3.072
27.53,27.93,26.37,18.17,2.81
28.59,29.22,22.92,19.27,3.046
26.61,28.75,25.48,19.16,2.961
29.74,27.06,26.64,16.56,2.806
30.41,28.38,22.79,18.42,2.883
29.61,26.65,27.34,16.4,2.822
30.05,26.14,28.84,14.97,2.633
29.93,28.6,23.33,18.14,3.077
30.29,27.6,23.49,18.62,2.599
28.42,27.1,27.34,17.14,2.621
28.59,27.87,24.92,18.62,3.444
28.27,27.67,26.18,17.88,2.852
27.18,27.56,28.17,17.09,2.979
26.82,27.51,26.86,18.81,3.692
26.83,27.9,27.57,17.7,2.718
29.4,26.97,27.18,16.45,2.798
29.31,28.12,23.88,18.69,3.419
28.22,27.83,25.96,17.99,2.485
27.83,27.75,27.38,17.04,2.99
29.27,29.75,23,17.98,3.199
27.61,28.71,24.11,19.57,2.57
28.41,26.33,24.28,20.98,3.618
28.56,29.5,23.36,18.58,3.29
29.34,27.92,19.08,23.66,3.524
29.3,28.21,18,24.49,3.204
28.77,28.38,24.31,18.54,2.968
26.99,27.53,27.71,17.77,3.234
27.51,29.14,22.53,20.82,2.858
25.06,27.54,30.41,16.99,3.162
26.23,25.65,30.4,17.72,3.588
27.45,28.24,27.89,16.42,3.38
26.77,29.41,23,20.82,2.684
26.77,29.41,23,20.82,2.684
26.34,29.41,24.76,19.49,2.797
26.64,29.27,24.39,19.7,2.747
26.92,28.94,25.72,18.42,2.543
29.17,27.94,24.08,18.81,2.553
27.46,27.9,29.53,15.11,3.156
28.9,28.06,26.17,16.87,3.131
28.44,28.48,24.05,19.03,2.703
27.88,27.46,29.26,15.4,3.202
30.02,27.79,26,16.19,3.073
28.06,28.15,26.4,17.39,2.98
27.82,28.32,26.65,17.21,2.937
28.72,27.93,24.22,19.13,2.532
26.71,27.13,28.51,17.65,3.518
29.25,28.58,23.78,18.39,2.687
28.33,27.85,27.05,16.77,2.813
28.67,27.78,26.64,16.91,3.092
27.62,27.8,27.63,16.95,3.861
29.06,28.17,25.9,16.87,2.949
27.78,28.81,25.68,17.73,3.208
30.15,26.89,26.38,16.58,2.506
25.08,28.02,31.71,15.19,3.007
26.99,27.3,28.09,17.62,3.521
28.16,27.17,28.87,15.8,2.826
29.08,27.3,28.65,14.97,3.023
30.43,28.3,26.28,14.99,3.174
30.02,29.13,25.66,15.19,3.156
30.31,27.84,26.21,15.64,2.822
25.27,27.45,31.48,15.8,3.25
29.3,27.23,25.81,17.66,2.722
28.65,26.91,28.49,15.95,3.378
30.71,27.09,24.6,17.6,2.827
29.45,25.81,29.56,15.18,2.85
29.21,27.66,29.84,13.29,2.978
30.66,27.97,24.24,17.13,2.746
29.48,28.71,24,17.81,2.781
28.31,26.53,31.3,13.86,3.021
30.69,26.98,26.88,15.45,3.241
29.17,25.56,30.64,14.63,2.413
28.32,27.71,29.19,14.78,3.145
29.31,27.2,27.81,15.68,2.802
30.3,28.03,24.29,17.38,3.078
28.35,28.04,28.7,14.91,2.83
32.66,28.93,19.82,18.59,3.315
29.97,29.52,27.32,13.19,3.116
32.03,27.62,25.2,15.15,2.812
32.29,28.51,20,19.2,3.047
30.23,27.37,26.52,15.88,2.551
31.11,27.52,24.63,16.74,2.543
30.25,28.05,24.61,17.09,2.61
29.44,27.5,27.7,15.36,3.1
28.08,27.91,28.63,15.38,2.584
28.42,28.49,25.57,17.52,2.333
28.26,29.28,28.61,13.85,3.382
30.96,28.35,20.39,20.3,2.044
29.85,28.18,25.95,16.02,2.797
30.64,28.1,24.31,16.95,2.382
30.27,27.74,26.47,15.52,3.12
28.56,28.99,25.45,17,2.676
28.44,27.74,27.46,16.36,2.733
30.46,27.44,25.78,16.32,3.25
29.33,28.54,23.21,18.92,2.562
30.67,27.56,23.34,18.43,2.546
30.3,27.57,23.87,18.26,2.486
29.68,26.61,29.88,13.83,2.929
29.82,27.78,25.18,17.22,2.587
29.22,27.92,24.95,17.91,2.54
29.84,26.69,26.72,16.75,2.702
29.1,26.78,30.28,13.84,2.873
29.61,27.05,29.31,14.03,3.12
30.16,27.45,25.88,16.51,2.563
29.49,27.86,26.72,15.93,2.752
28.95,27.12,29.27,14.66,2.762
30.93,27.96,23.37,17.74,2.902
30.43,28.45,23.18,17.94,2.669
30.69,27.31,25.59,16.41,2.713
30.19,26.65,28.8,14.36,3.101
30.75,27.43,23.89,17.93,2.638
28.68,27.23,27.73,16.36,2.755
31.23,28.94,22.39,17.44,2.671
30.1,28.5,20.97,20.43,2.471
29.61,27.31,25.82,17.26,2.654
28.7,26.01,29.26,16.03,3.004
28.45,26.3,29.94,15.31,2.895
29.76,27.61,24.21,18.42,2.389
29.23,28.33,24.48,17.96,2.485
30.04,28.55,20.96,20.45,2.406
29.86,27.72,25.45,16.97,2.742
29.67,27,26.79,16.54,2.803
28.99,27.95,25.64,17.42,2.851
28.49,26.92,29.31,15.28,2.622
28.25,27.54,29.33,14.88,2.906
25.83,28.74,29.68,15.75,3.023
28.99,28.43,27.14,15.44,3.168
28.62,27.77,27.92,15.69,3.26
29.05,27.79,28,15.16,2.535
29.31,27.1,27.96,15.63,2.923
28.85,28.32,27.04,15.79,2.637
29.65,27.81,26.54,16,2.66
28.67,27.27,29.21,14.85,2.756
29.38,28.11,25.88,16.63,2.765
28.94,25.92,29.68,15.46,2.763
28.94,27.95,25.95,17.16,2.84
28.83,28.08,26.3,16.79,2.832
32.19,26.49,25.41,15.91,2.595
31.15,27.53,24.9,16.42,2.654
30.51,26.33,26.76,16.4,2.675
30.24,25.56,28.2,16,2.737
29.89,26.64,26.82,16.65,2.728
31.48,27.12,24.44,16.96,2.58
30.78,27.97,24.45,16.8,2.527
30.78,27.79,23.4,18.03,2.751
31.12,26.99,25.54,16.35,2.652
31.21,28.57,22.22,18,2.66
31.48,26.7,26.15,15.67,2.404
30.82,28.21,21.81,19.16,2.666
31.18,27.9,24.53,16.39,2.93
29.92,29.11,21.46,19.51,2.302
30.9,28.84,20.7,19.56,2.358
30.28,28.85,21.34,19.53,2.551
30.13,29.23,20.14,20.5,2.43
29.69,29.09,21.56,19.66,2.55
30.19,28.65,22.18,18.98,2.327
29.04,29.33,22.72,18.91,2.467
29.16,29.39,21.59,19.86,2.442
29.17,27.83,25.84,17.16,2.455
31.59,27.81,22.3,18.3,2.273
29.74,29.06,22.16,19.04,2.266
29.77,28.25,24.48,17.5,2.658
30.43,28.32,22.09,19.16,2.418
31.13,28.97,21.37,18.53,2.486
30.11,27.56,24.08,18.25,2.768
29.53,28.03,23.43,19.01,3.07
29.95,28.31,22.83,18.91,2.922
31.89,28.76,18.22,21.13,2.91
31.19,28.59,20.19,20.03,2.743
29.96,28.57,21.82,19.65,2.28
28.28,30.69,26.07,14.96,2.697
29.29,27.79,24.7,18.22,2.63
29.46,29.48,24.34,16.72,2.528
28.61,28.51,27.38,15.5,2.599
30.98,27.98,22.57,18.47,2.669
30.49,27.84,22.79,18.88,2.809
30.53,27.36,26.68,15.43,3.161
31.25,28.01,22.49,18.25,2.786
30.82,28.27,22.84,18.07,2.831
29.53,26.96,25.4,18.11,2.624
29.19,27.98,23.9,18.93,2.775
29.56,28.21,22.8,19.43,2.694
29.31,28,24.99,17.7,2.757
27.5,27.04,30.29,15.17,2.766
30.23,27.88,23.06,18.83,2.735
28.05,27.21,29.66,15.08,2.989
29.05,27.64,26.23,17.08,3.57
28.76,27.05,29.16,15.03,2.765
28.96,27.95,25.61,17.48,2.743
30.06,28.42,19.64,21.88,2.773
29.67,27.92,22.44,19.97,2.528
29.95,29.08,22.73,18.24,2.583
27.99,29.54,28.93,13.54,3.608
29.32,27.52,23.21,19.95,2.032
28.85,29.04,25.63,16.48,3.158
30.41,29.24,18.74,21.61,2.121
29.03,27.93,25.06,17.98,2.409
28.71,28.08,21.66,21.55,2.176
29.33,27.17,23.29,20.21,2.148
30.55,26.92,21.47,21.06,2.289
30.61,26.77,22.43,20.19,2.287
29.6,28.93,18.94,22.53,2.066
29.85,28.84,19.16,22.15,2.242
30.26,29.02,19.11,21.61,2.38
29.52,29.51,20.83,20.14,2.591
29.78,28.61,20.37,21.24,2.219
30.16,28.95,20.07,20.82,2.204
30.42,28.8,18.58,22.2,2.447
31.04,28.38,22.61,17.97,2.371
30.68,29.24,18.41,21.67,2.253
30.25,29.13,20.05,20.57,2.218
29.48,29.8,20.28,20.44,2.204
29.77,29.15,17.82,23.26,2.009
30.34,28.31,19.72,21.63,2.117
30.36,28.04,20.72,20.88,2.044
29.76,28.86,19.23,22.15,1.994
30.64,28.04,21.21,20.11,2.467
32.53,27.48,18.59,21.4,2.308
30.95,28.02,19.97,21.06,2.389
30.45,28.51,20.11,20.93,2.397
29.56,29.33,23.8,17.31,3.216
27.36,30.29,26.08,16.27,3.545
28.33,29.86,23.4,18.41,2.885
28.07,29.62,28.57,13.74,3.669
29.19,29.07,27.02,14.72,3.644
29.14,27.49,25.73,17.64,2.551
30.39,28.43,21.5,19.68,2.499
29.5,29.38,21.05,20.07,2.409
29.12,28.77,23.01,19.1,2.223
29.14,29.13,21.83,19.9,2.176
28.07,29.4,22,20.53,2.202
29.54,29.1,21.84,19.52,2.303
29.4,29.56,21.15,19.89,2.205
29.35,28.64,21.64,20.37,2.151
30.4,29.15,18.59,21.86,1.94
30.26,29.41,18.3,22.03,1.966
30.47,28.74,20.99,19.8,2.034
30.24,29.65,19.71,20.4,1.907
30.04,28.56,22.21,19.19,2.07
30.91,28.39,20.23,20.47,2.204
31.42,27.71,21.74,19.13,2.283
28.94,29.24,22.37,19.45,2.393
29.62,27.66,25.78,16.94,2.749
29.37,29.33,22.43,18.87,2.528
32.37,28.65,17.28,21.7,2.585
32.3,28.99,18.08,20.63,2.105
31.69,29.38,15.98,22.95,2.316
30.68,29.84,18.57,20.91,2.685
32.03,29.1,18.82,20.05,2.502
33.93,28.74,13.55,23.78,2.065
32.35,29.69,16.71,21.25,2.427
29.79,28.11,23.59,18.51,2.441
30.24,28.97,21.2,19.59,2.325
30.94,28.22,22.07,18.77,2.281
29.53,28.9,22.7,18.87,2.454
29.74,28.14,23.78,18.34,2.525
30.76,29.77,21.89,17.58,2.476
33.01,28.48,17.71,20.8,2.38
32.27,28.42,18.2,21.11,2.424
31.6,28.31,21.27,18.82,2.345
32.04,28.93,18.97,20.06,2.316
32.14,29.8,16.63,21.43,2.266
30.57,28.11,22.36,18.96,2.292
28.76,28.85,25.5,16.89,2.633
31.27,27.14,23.66,17.93,2.405
32.4,29.05,17.55,21,2.371
32.52,28.45,18.4,20.63,2.49
32.23,28.85,19.17,19.75,2.375
33.23,29.14,16.51,21.12,2.261
31.81,27.34,23.08,17.77,2.368
30.54,26.79,24.78,17.89,2.557
27.94,29.04,27.56,15.46,3.131
30.58,28.83,23.44,17.15,2.402
29.6,28.91,23.07,18.42,2.568
31.88,27.83,21.04,19.25,2.398
30.2,28.44,23.33,18.03,2.501
31.02,28.44,20.85,19.69,2.231
28.22,29.41,25.82,16.55,2.596
29.61,28.71,22.4,19.28,2.192
28.15,28.06,25.5,18.29,2.34
28.22,28.25,26.3,17.23,2.685
27.85,28.39,25.9,17.86,2.757
27.73,29.23,27.05,15.99,2.782
28.4,27.84,27.81,15.95,2.603
28.97,25.92,28.75,16.36,3.228
28.92,27.35,31.88,11.85,3.494
28.03,26.32,32.34,13.31,2.718
28.73,26.52,29.12,15.63,3.074
27.3,26.25,29.95,16.5,3.081
30.95,27.75,24.04,17.26,2.763
30.78,28.08,24.51,16.63,3.723
30.4,29.71,23.02,16.87,2.922
30.17,29.53,24.62,15.68,3.059
29.65,30.11,21.5,18.74,3.202
30.63,30.18,22.13,17.06,2.303
28.92,29.05,25.81,16.22,3.127
28.82,28.05,26.57,16.56,2.925
29.81,28.18,24.36,17.65,2.856
30.28,28.14,24.68,16.9,2.506
27.44,27.08,30.71,14.77,2.914
27.91,28.42,29.5,14.17,2.821
29.12,27.3,28.48,15.1,2.602
28.81,27.83,27.62,15.74,2.739
29.6,27.39,26.12,16.89,2.672
29,27.24,27.39,16.37,2.69
28.77,27.77,26.71,16.75,2.493
31.85,26.51,25.05,16.59,2.547
31.67,26.76,25.21,16.36,2.553
32.81,26.3,24.73,16.16,2.502
29.89,27.95,25.44,16.72,2.672
29.5,26.74,27.03,16.73,2.591
29.13,26.83,28.23,15.81,2.809
27.99,26.74,30.84,14.43,3.056
29.28,27.88,26.4,16.44,2.961
29.04,28.55,26.16,16.25,2.915
30.09,27.4,25.38,17.13,1.878
28.05,28,28.58,15.37,2.291
28.02,28.45,26.89,16.64,2.167
28.82,27.86,26.5,16.82,2.535
29.58,28.01,25.85,16.56,2.338
30.24,28.52,21.79,19.45,2.422
29.34,28.71,25.9,16.05,2.64
29.04,28.65,22.99,19.32,1.731
28.05,28.67,27.12,16.16,2.32
30.13,28.84,23.36,17.67,2.497
31.7,26.98,23.42,17.9,2.757
32.18,27.87,18.87,21.08,1.833
31.38,28.34,22.16,18.12,1.98
29.89,27.66,25.58,16.87,2.624
29.81,28.94,21.33,19.92,2.667
29.38,27.62,26.39,16.61,3.005
28.43,29.01,24.92,17.64,3.121
30.58,30.12,17.69,21.61,2.078
29.62,28.3,23.14,18.94,2.144
28.87,28.63,24.17,18.33,2.184
29.88,28.48,24.46,17.18,2.657
30.04,28.14,25.28,16.54,2.831
29.15,29,24.44,17.41,2.772
29.7,30.26,14.76,25.28,2.349
30.58,29.91,16.79,22.72,2.454
29.91,29.77,19.98,20.34,1.588
28.52,26.92,28.44,16.12,2.068
29.73,29.58,18.71,21.98,1.555
28.25,29.01,24.21,18.53,1.891
28.27,29.15,24.61,17.97,1.9
30.25,30.06,17.1,22.59,2.268
30.06,28.34,22.16,19.44,2.223
30.13,29.11,20.39,20.37,2.02
30.89,28.85,18.31,21.95,2.286
29.35,27.15,26.63,16.87,2.199
29.7,28.4,23.95,17.95,2.425
29.51,28.57,23.23,18.69,2.333
30.12,29.37,19.83,20.68,2.006
27.93,30.4,24.92,16.75,2.266
29.76,29.54,20.04,20.66,1.906
28.98,29.46,20.23,21.33,1.95
29.19,29.18,20.14,21.49,1.931
29.84,26.1,30.01,14.05,2.965
30.15,27.8,24.41,17.64,2.819
30.73,27.67,23.25,18.35,2.901
28.23,26.13,29.34,16.3,2.692
29.44,27.92,25.04,17.6,3.018
29.49,28.38,25.26,16.87,2.92
28.46,27.74,26.45,17.35,2.742
28.97,28.64,25.01,17.38,3.046
28.94,28.46,24.73,17.87,2.817
29.3,28.25,26.52,15.93,2.595
29.8,28,25.66,16.54,2.543
29.36,28.63,24.03,17.98,2.428
29.49,31.1,18.29,21.12,2.525
29.48,29.2,22.75,18.57,2.54
27.67,28.51,25.97,17.85,2.544
28.68,29.2,24.08,18.04,2.058
28.59,28.5,23.72,19.19,2.303
29.66,29.63,24.03,16.68,2.89
28.22,30.26,24.11,17.41,2.793
28.71,27.84,26.41,17.04,2.544
29.9,28.87,20.93,20.3,2.005
25.93,28.35,32.18,13.54,3.404
25.4,28.6,33.22,12.78,3.429
26.04,29.3,30.27,14.39,3.189
25.44,29.26,32.88,12.42,3.34
29.44,28.67,26.16,15.73,3.198
27.13,27.77,33.36,11.74,3.508
29.07,28.88,27.02,15.03,3.378
30.5,25.69,27.19,16.62,3.307
30.5,25.69,27.19,16.62,3.307
29.53,27.96,25.42,17.09,3.247
30.21,27.23,28.32,14.24,3.14
30.01,28.35,26.18,15.46,2.768
28.59,27.43,28.43,15.55,2.994
28.17,26.46,29.87,15.5,3.207
30.08,25.91,29.71,14.3,2.334
28.67,28.43,26.59,16.31,2.825
29.31,27.28,27.39,16.02,2.348
30.11,27.73,22.54,19.62,3.004
30.41,26.59,24.6,18.4,2.916
30.89,28.72,21.46,18.93,3.057
28.96,27.62,28.62,14.8,3.167
27.92,27.58,29.97,14.53,3.312
29.35,29.5,25.43,15.72,3.237
27.56,29.84,25.07,17.53,3.957
29.09,27.2,29.11,14.6,3.538
28.82,27.66,28.64,14.88,3.627
28.84,29.3,26.91,14.95,3.063
28.41,29.58,26.67,15.34,3.351
28.76,27.07,30.43,13.74,3.761
28.89,27.89,28.92,14.3,3.445
28.59,29.35,26.8,15.26,2.36
27.99,27.93,30.19,13.89,3.641
28.24,27.83,29.58,14.35,3.637
31.48,27.94,22.95,17.63,1.995
28.74,29.23,27.38,14.65,2.853
31.24,28.67,22.84,17.25,2.381
28.96,27.37,31.3,12.37,3.357
29.86,27.24,29.3,13.6,3.358
30.5,28.71,25.15,15.64,2.273
29.31,28.36,29.07,13.26,3.185
29.95,26.23,30.35,13.47,3.333
31.21,26.45,28.58,13.76,2.864
30.08,26.57,30.02,13.33,3.106
30.85,29.04,22.47,17.64,2.968
30.51,28.27,27.35,13.87,2.97
30.76,27.96,27.85,13.43,3.037
30.48,27.77,27.7,14.05,3.032
30.63,28.07,27.36,13.94,3.005
28.88,25.85,33.04,12.23,3.21
29.33,28.07,29.74,12.86,3.11
30.06,27.62,29.44,12.88,2.953
30.58,28.45,28.22,12.75,2.996
29.5,26.06,31.94,12.5,3.165
29.93,26.02,31.36,12.69,2.993
30.29,26.66,30.3,12.75,3.029
29.84,27.92,28.79,13.45,2.884
31.05,27.94,27.28,13.73,2.774
29.6,28.4,28.1,13.9,2.971
30.45,28.3,28.22,13.03,2.792
29.66,26.11,30.79,13.44,3.084
28.65,26.83,30.49,14.03,3.063
29.19,27.39,29.25,14.17,3.015
29.76,28.17,28.25,13.82,2.072
31.56,27.42,25.14,15.88,2.696
32.71,27.05,23.67,16.57,2.17
30.86,27.54,25.73,15.87,2.564
30.37,28.43,25.5,15.7,2.551
30.43,28.13,25.45,15.99,2.468
31.52,28.22,21.76,18.5,2.126
31.35,28.93,19.74,19.98,2.297
31.99,27.94,20.88,19.19,2.025
32.44,27.8,21.07,18.69,2.046
30.18,28.61,23.18,18.03,2.37
31.14,27.46,23.96,17.44,2.264
30.45,27.95,23.09,18.51,2.295
30.3,28.39,23.46,17.85,2.28
29.34,26.83,29.08,14.75,2.556
29.16,28.01,26.35,16.48,2.229
28.64,28.22,27.54,15.6,2.199
28.07,25.74,28.78,17.41,2.888
30.35,26.84,24.72,18.09,2.955
29.96,26.98,26.11,16.95,2.821
28.51,27.77,26.8,16.92,3.023
28.87,28.5,22.64,19.99,2.351
29.4,28.07,24.43,18.1,2.4
29.44,28.84,23.06,18.66,2.327
30.3,28.33,24.52,16.85,2.792
29.41,28.47,25.94,16.18,2.907
30.8,27.52,24.37,17.31,2.241
29.92,28.21,22.58,19.29,2.358
30.32,27.65,24.93,17.1,2.291
29.23,29.25,22.83,18.69,2.687
28.41,29.18,29.31,13.1,3.82
29.46,28.47,26.93,15.14,3.306
28.78,30.4,24.6,16.22,3.292
30.23,28.18,24.14,17.45,2.308
29.21,29.23,23.8,17.76,2.944
29.44,28.48,25.06,17.02,2.48
30.65,27.87,24.55,16.93,2.447
31.28,27.46,24.63,16.63,2.447
30.21,28.66,22.06,19.07,2.697
31.32,26.96,24.62,17.1,2.427
32.42,27.21,23.17,17.2,2.076
31.36,28.29,21.99,18.36,2.535
30.08,29.81,21.96,18.15,2.754
30.84,27.99,24.81,16.36,2.076
28.71,29.01,26.47,15.81,2.541
28.93,29.49,23.33,18.25,2.205
29.26,29.31,24.46,16.97,2.208
30.61,28.94,19.02,21.43,2.142
29.76,29.43,21.42,19.39,2.205
32.15,27.99,20.1,19.76,2.195
32.84,26.4,22.47,18.29,2.25
32.85,26.85,21.1,19.2,2.234
32.79,28.23,18.85,20.13,2.217
33.42,27.71,16.09,22.78,2.309
33.17,27.92,15.99,22.92,2.354
31.09,29.59,16.23,23.09,2.324
31.18,29.24,15.35,24.23,2.347
30.05,28.03,23.96,17.96,2.807
29.21,25.89,28.61,16.29,2.382
29.21,27.91,24.42,18.46,2.268
28.42,26.71,28.74,16.13,2.565
29.23,27.67,24.6,18.5,2.383
28.17,27.61,26.18,18.04,2.671
28.32,28.05,26.65,16.98,2.715
29.7,28.02,24.64,17.64,2.805
29.42,28.37,24.94,17.27,2.898
27.47,27.99,27.7,16.84,2.674
27.07,27.47,29.39,16.07,2.486
28.69,28.23,25.33,17.75,2.467
27.77,29.02,21.18,22.03,2.3
28.48,29.04,21.13,21.35,2.094
28.39,28.38,24.74,18.49,2.737
30.51,30.34,15.64,23.51,1.978
27.85,29.19,26.83,16.13,3.087
29.08,30.3,18.38,22.24,2.033
30.38,29.01,19.45,21.16,2.168
30.7,28.59,21.17,19.54,2.389
28.87,29.21,20.45,21.47,2.3
29.81,29.38,20.56,20.25,2.267
30.09,29,22.32,18.59,2.604
31.11,29.78,20.41,18.7,2.363
29.71,30.62,22.88,16.79,2.473
26.04,28.61,27.26,18.09,3.168
26.29,29.07,26.19,18.45,3.076
26.31,29.21,25.45,19.03,3.184
26.06,30.17,22.9,20.87,2.573
30.56,29.55,17.95,21.94,2.291
27.77,29.45,22.96,19.82,2.709
30.8,29.26,19.01,20.93,2.463
31.98,29.27,16.36,22.39,2.12
30.92,29.71,22.36,17.01,2.446
30.67,29.97,20,19.36,2.204
27.87,26.63,30.77,14.73,2.793
31.57,29.8,18.5,20.13,2.294
31.61,29.64,17.32,21.43,2.248
30.7,30.06,18.55,20.69,2.245
30.73,29.81,18.26,21.2,2.095
28.93,30.33,18.88,21.86,2.178
31.03,29.33,18.31,21.33,2.105
31.45,29.68,16.23,22.64,2.161
27.25,27.36,28.56,16.83,2.589
30.1,30.32,15.77,23.81,2.174
26.96,26.78,31.99,14.27,2.562
27.16,27.07,30.84,14.93,2.718
31.9,29.2,15.42,23.48,2.649
30.7,29.8,14.42,25.08,2.476
27.85,28.59,26.84,16.72,3.543
27.99,28.82,28.21,14.98,3.166
29.13,28.34,24.3,18.23,3.056
25.64,27.62,29.84,16.9,3.056
27.44,27.06,28.96,16.54,2.808
25.42,28.63,27.16,18.79,3.054
27.62,26.83,29.2,16.35,2.583
28.68,29.32,24.61,17.39,3.003
27.36,27.48,28.76,16.4,3.351
29.51,27.87,26.35,16.27,3.195
27.64,28.69,27.1,16.57,3.167
27.97,29.35,24.62,18.06,1.802
28.36,29.44,24.4,17.8,1.75
27.91,28.41,29.17,14.51,1.778
28.59,27.79,25.36,18.26,1.541
29.069,26.772,29.461,14.699,2.784
28.55,27.2,27.52,16.73,2.653
29.91,27.36,26.33,16.4,2.615
30.4,28.26,22.8,18.54,2.542
29.21,29.18,24.09,17.52,3.06
27.85,26.66,30.46,15.03,2.928
28.47,29.01,22.86,19.66,2.26
28.17,29.03,25.3,17.5,2.728
28.34,27.94,31.67,12.05,1.739
33.4,29.11,17.26,20.23,2.387
32.13,28.51,21.53,17.83,1.992
32.06,28.82,19.24,19.88,2.068
32.12,28.51,20.38,18.99,2.088
34,27.99,19.7,18.31,2.187
34.52,29.19,17.55,18.74,2.193
34.02,29.7,17.06,19.22,2.259
32.04,28.56,20.08,19.32,2.153
32.61,27.85,19.32,20.22,2.176
33.26,27.96,17.91,20.87,2.213
32.64,28.02,18.62,20.72,2.589
32.15,28.49,19.39,19.97,2.507
32.7,28.1,18.37,20.83,2.597
32.79,28.5,17.79,20.92,2.6
31.26,29.28,18.45,21.01,2.26
30.34,29.38,20.59,19.69,2.344
31.94,28.21,20.46,19.39,2.611
30.96,28.85,19.92,20.27,2.632
31.24,28.41,19.83,20.52,2.652
30.67,28.93,21.27,19.13,2.748
30.44,29,20.79,19.77,2.739
31.24,30.09,16.12,22.55,2.17
30.51,29.16,19.11,21.22,2.396
29.56,28.61,26.45,15.38,3.15
30.64,29.71,17.79,21.86,2.622
29.17,29.49,24.27,17.07,3.242
28.12,29.23,26.91,15.74,3.574
30.05,29,19.87,21.08,2.824
31.46,28.28,16.28,23.98,2.478
30.76,28.3,21.73,19.21,2.968
31.38,28.7,17.52,22.4,2.441
31.35,29.86,18.47,20.32,2.662
31.19,28.6,19.72,20.49,2.272
31.46,28.9,17.66,21.98,2.814
31.42,28.7,18.3,21.58,2.66
30.75,29.13,20.5,19.62,2.701
31.96,29.14,17.12,21.78,2.299
32.43,29.68,15.18,22.71,2.196
32.01,29.26,15.36,23.37,2.126
33.3,29.07,14.84,22.79,2.196
33.22,27.98,18.13,20.67,2.461
31.73,29.68,15.75,22.84,2.238
31.55,28.89,20.69,18.87,2.429
31.52,29.65,20.86,17.97,2.376
31.39,29.03,21.07,18.51,2.37
31.7,29.39,20.62,18.29,2.343
32.07,28.96,20.81,18.16,2.372
30.32,29.63,23.06,16.99,2.324
31.38,28.68,21.59,18.35,2.364
31.89,29.75,19.56,18.8,2.207
30.67,30.11,20.81,18.41,2.36
28.04,29.35,27.63,14.98,3.003
29.44,27.49,27.22,15.85,2.59
29.49,27.83,25.27,17.41,2.505
31.59,28.87,21.16,18.38,2.259
30.907,29.51,20.107,19.477,2.704
30.78,29.2,18.91,21.11,2.737
31.13,29.25,17.57,22.05,2.981
32.41,29,19.66,18.93,2.697
31.13,28.83,22.54,17.5,2.403
29.48,31.37,15.92,23.23,2.008
29.32,29.61,23.19,17.88,2.321
29.53,29.18,24.08,17.21,2.337
29.34,29.39,23.25,18.02,2.412
29.49,29.12,21.02,20.37,2.168
29.39,28.95,22.64,19.02,2.177
30.97,29.29,19.81,19.93,2.114
30.12,29.46,21.3,19.12,2.286
30.16,29.39,20.76,19.69,2.176
28.04,27.39,29.28,15.29,2.649
29.51,29.92,20.14,20.43,2.514
28.27,28.53,27.15,16.05,2.642
27.51,29,27.28,16.21,2.626
30.34,29.71,20.71,19.24,2.546
31.177,29.652,19.884,19.287,2.579
32.24,28.88,20.17,18.71,2.218
33.84,28.69,19.37,18.1,2.214
31.86,29.31,19.78,19.05,2.596
30.53,29.25,18.99,21.23,2.651
31.66,29.62,16.09,22.63,1.87
31.9,28.26,17.22,22.62,1.76
31.52,28.47,20.99,19.02,2.55
30.74,28.5,23.26,17.5,2.482
31.29,28.05,22.28,18.38,2.515
31.51,29.46,20.59,18.44,2.097
29.57,29.62,23.17,17.64,2.657
32.52,28.87,18.22,20.39,1.798
30.11,29.49,20.03,20.37,2.29
27.85,28.09,29.84,14.22,2.954
30.77,29.36,19.04,20.83,2.134
28.84,28.55,26.2,16.41,2.725
28.74,29.35,25.31,16.6,2.593
30.05,29.58,20.14,20.23,2.113
30.86,28.24,22.22,18.68,1.529
31.01,28.26,22,18.73,1.676
29.63,28.82,23.51,18.04,1.739
32.19,28,22.34,17.47,1.612
31.367,28.749,19.513,20.372,2.511
30.388,28.852,20.607,20.153,2.232
30.188,29.297,20.511,20.004,2.524
30.922,27.372,26.723,14.984,3.48
31.27,29.289,19.814,19.627,2.43
30.721,29.24,20.126,19.913,2.613
30.425,27.479,26.496,15.599,3.449
30.098,28.699,25.37,15.834,3.444
28.753,29.276,27.505,14.466,3.627
30.262,28.787,23.848,17.103,2.919
30.758,29.362,22.683,17.197,2.888
31.066,26.694,25.177,17.063,2.689
29.982,29.365,24.426,16.228,3.276
29.454,27.745,27.874,14.927,3.075
29.955,27.957,26.736,15.352,2.863
28.224,27.892,30.325,13.559,3.426
28.584,28.214,28.198,15.004,3.234
29.276,27.541,28.28,14.903,2.905
29.626,26.98,28.202,15.192,2.781
29.39,27.823,28.191,14.596,2.844
29.634,27.361,28.465,14.541,3.254
28.628,28.437,27.246,15.689,3
29.602,27.518,25.686,17.194,2.664
29.335,28.059,26.357,16.249,2.785
29.236,27.743,26.467,16.554,3.071
29.17,27.421,28.033,15.376,2.902
29.19,28.762,26.847,15.201,2.984
29.55,27.527,27.378,15.545,3.217
29.35,28.018,30.077,12.555,3.267
31.262,27.122,26.433,15.182,2.886
30.089,27.429,28.24,14.241,3.51
30.047,25.685,29.512,14.756,2.714
29.952,25.855,29.055,15.137,2.511
29.822,26.107,29.737,14.333,2.624
29.67,27.463,28.682,14.185,2.399
28.679,27.384,27.953,15.984,3.009
28.386,27.424,29.722,14.469,2.306
27.875,27.637,29.705,14.783,2.419
33.177,27.722,19.587,19.514,2.374
32.698,28.129,21.097,18.076,2.566
32.511,28.149,21.097,18.243,2.31
32.828,28.261,21.651,17.261,2.268
33.046,28.352,21.192,17.41,2.242
33.698,27.41,21.756,17.136,2.29
33.621,27.778,21.283,17.318,2.345
32.38,28.817,19.279,19.524,2.221
31.792,27.802,21.762,18.644,2.488
30.67,28.324,21.372,19.634,2.32
32.268,28.061,20.614,19.057,2.184
32.283,27.731,20.699,19.287,2.17
30.399,27.807,22.993,18.802,2.22
29.47,28.397,22.923,19.209,2.585
32.386,27.788,20.99,18.836,2.367
32.444,28.377,20.065,19.114,2.32
27.897,28.001,26.451,17.651,3.305
28.478,27.697,28.946,14.878,3.159
28.979,26.26,30.358,14.404,2.305
28.801,27.338,27.502,16.359,2.575
28.776,28.31,26.297,16.616,2.621
28.197,28.497,29.835,13.472,3.42
28.806,29.34,26.049,15.805,3.061
31.268,28.41,21.195,19.126,2.38
28.84,27.01,27.251,16.899,2.675
28.34,28.139,27.42,16.101,2.639
28.495,27.382,29.842,14.282,2.599
28.083,28.562,27.712,15.643,2.757
28.499,27.971,26.681,16.85,2.53
28.083,28.829,26.645,16.444,2.854
29.149,27.191,28.563,15.098,2.466
26.003,30.094,30.655,13.248,3.564
28.654,28.802,27.396,15.148,2.386
27.302,29.592,27.653,15.453,3.121
31.176,27.637,25.405,15.782,3.088
29.37,27.159,29.082,14.39,3.289
29.894,29.186,24.639,16.281,2.666
27.76,29.934,29.021,13.286,3.346
29.097,29.356,23.505,18.042,2.653
29.532,27.985,26.792,15.692,2.518
28.112,29.115,28.157,14.616,3.056
27.501,27.608,29.822,15.07,2.74
28.795,28.886,26.087,16.232,2.899
29.136,29.115,24.75,17,2.84
28.113,28.109,29.561,14.217,2.697
29.663,29.46,24.527,16.351,2.405
29.836,27.203,26.479,16.482,2.715
28.027,29.215,23.876,18.882,2.518
29.514,28.256,25.04,17.19,2.691
28.813,29.103,23.255,18.829,2.821
27.817,29.455,25.219,17.509,2.172
28.011,28.146,30.39,13.454,2.634
28.887,27.873,27.526,15.715,2.523
28.432,28.343,27.251,15.975,2.498
27.904,29.368,24.489,18.239,2.557
28.429,29.012,26.139,16.421,2.065
30.148,27.209,25.534,17.108,2.699
30.237,28.159,22.657,18.948,2.673
28.842,27.446,25.968,17.744,2.543
28.706,27.784,26.078,17.432,2.563
28.9,29.339,23.934,17.827,2.62
30.902,27.609,23.23,18.26,2.574
28.566,27.173,28.467,15.794,2.769
28.637,27.923,25.538,17.902,2.466
29.021,27.915,25.213,17.851,2.874
29.136,28.267,24.766,17.831,2.855
29.37,27.8,24.843,17.987,2.556
30.211,27.796,23.914,18.079,2.399
29.519,27.76,25.23,17.491,2.334
29.907,27.93,22.279,19.885,2.671
29.432,28.237,24.05,18.282,2.705
29.151,28.563,23.57,18.715,2.754
31.075,27.629,22.055,19.241,3.665
28.957,27.578,25.612,17.853,2.672
28.095,27.414,27.953,16.538,2.478
29.894,29.186,24.639,16.281,2.658
27.701,27.997,28.452,15.851,3.878
27.904,29.368,24.489,18.239,2.557
27.129,28.418,29.344,15.11,3.802
31.306,28.568,21.572,18.555,2.803
30.557,27.754,23.066,18.623,2.826
30.658,27.616,23.506,18.22,3.042
29.739,27.914,22.93,19.416,3.046
29.869,28.879,21.745,19.506,2.288
29.176,27.259,25.832,17.733,2.276
29.477,27.344,26.086,17.093,2.837
29.685,27.553,25.163,17.599,2.832
30.816,27.808,22.194,19.182,2.528
29.64,27.63,24.272,18.458,2.676
28.425,27.152,27.564,16.859,2.375
29.718,27.864,23.609,18.809,2.94
29.878,28.205,23.38,18.537,3
29.57,27.415,24.4,18.615,2.631
30.174,28.221,19.505,22.1,2.979
30.309,26.158,27.432,16.1,2.709
32.432,28.011,22.038,17.519,2.987
31.9,28.141,22.11,17.848,2.825
30.69,26.925,25.118,17.267,2.917
28.085,27.738,26.689,17.488,2.913
28.784,28.646,23.73,18.839,3.144
29.263,28.918,23.468,18.351,3.294
28.873,26.642,26.569,17.916,3.004
29.087,27.534,25.794,17.585,3.202
28.811,27.612,25.935,17.642,3.558
29.688,26.35,27.099,16.863,3.095
25.966,27.625,31.258,15.152,3.767
28.111,28.333,25.896,17.66,2.762
27.56,27.704,27.4,17.336,2.824
27.514,27.725,26.686,18.074,2.832
29.928,28.446,22.686,18.94,2.928
29.451,28.587,23.557,18.406,2.857
30.321,28.223,22.59,18.866,2.677
30.204,27.846,24.225,17.724,2.672
28.43,28.232,25.11,18.228,2.968
29.013,28.86,22.002,20.125,2.98
28.031,27.121,24.473,20.375,2.828
28.469,27.276,25.419,18.836,2.379
30.3,27.32,22.495,19.885,2.863
29.181,27.511,26.06,17.248,2.778
29.649,28.331,23.004,19.016,2.364
27.881,28.6,24.815,18.703,2.693
28.291,27.411,23.457,20.841,2.902
29.414,27.794,25.922,16.87,2.961
30.023,27.973,22.537,19.467,2.43
29.381,28.611,23.104,18.904,2.675
27.812,29.02,25.149,18.019,2.841
30.69,26.925,25.118,17.267,2.698
28.873,26.642,26.569,17.916,2.736
29.688,26.35,27.099,16.863,2.62
25.966,27.625,31.258,15.152,3.164
29.263,28.918,23.468,18.351,2.904
28.811,27.612,25.935,17.642,2.977
28.518,29.081,23.782,18.619,2.753
30.141,29.106,21.228,19.525,2.486
27.985,28.565,25.073,18.377,2.673
27.133,29.47,25.078,18.32,2.39
27.467,28.395,27.961,16.178,2.632
28.563,27.928,26.045,17.465,2.644
28.703,28.947,23.367,18.984,2.595
32.001,28.862,19.383,19.754,2.596
29.365,26.861,23.096,20.678,2.808
29.14,28.524,24.274,18.063,2.595
28.519,29.962,23.031,18.488,2.731
31.002,28.184,20.434,20.38,2.471
30.491,27.404,24.481,17.624,2.794
26.515,29.393,24.934,19.159,2.656
28.394,29.256,24.014,18.336,2.91
27.819,28.4,24.239,19.542,2.505
30.475,27.119,24.052,18.354,2.376
27.151,29.019,25.581,18.249,2.774
27.151,29.019,25.581,18.249,2.774
26.58,28.823,27.172,17.425,2.289
29.05,28.566,22.451,19.933,2.408
28.305,28.098,24.165,19.432,2.43
29.3,27.895,24.3,18.506,2.488
30.339,27.33,24.987,17.345,2.596
26.171,31.261,21.054,21.514,2.416
29.153,29.099,23.301,18.446,2.412
27.7,27.649,27.339,17.313,2.214
31.376,29.596,14.213,24.815,1.976
31.376,29.596,14.213,24.815,1.976
28.064,29.184,22.896,19.856,2.268
29.462,29.44,18.876,22.222,2.338
30.283,30.165,15.529,24.022,2.158
27.523,29.234,24.78,18.463,2.263
25.08,28.815,29.352,16.754,2.375
28.285,28.328,23.219,20.168,2.531
29.082,29.433,20.507,20.978,2.398
29.229,29.353,19.571,21.847,2.41
27.353,27.395,26.014,19.237,2.421
28.184,27.677,24.133,20.006,2.347
28.08,28.069,22.408,21.443,2.419
27.91,28.265,22.464,21.361,2.444
28.329,30.086,20.113,21.473,2.455
29.039,28.65,21.58,20.731,2.474
29.039,28.65,21.58,20.731,2.474
29.261,29.053,22.191,19.495,2.269
28.279,29.325,22.326,20.07,2.296
29.311,29.456,20.177,21.056,2.504
27.082,29.469,23.477,19.972,2.27
26.831,29.46,22.834,20.875,2.56
26.831,29.46,22.834,20.875,2.56
28.607,30.375,19.305,21.714,2.619
28.607,30.375,19.305,21.714,2.619
28.883,30.051,20.383,20.683,2.312
28.899,29.133,22.845,19.123,2.428
28.899,29.133,22.845,19.123,2.428
28.885,30.7,20.203,20.211,2.267
29.245,30.562,20.429,19.764,2.278
28.06,28.35,24.358,19.232,2.432
28.506,29.224,22.834,19.437,2.491
30.159,29.539,20.31,19.992,2.609
27.268,29.451,25.871,17.41,2.546
27.709,30.069,21.783,20.439,2.432
27.418,28.93,25.045,18.607,2.504
29.559,28.365,24.424,17.653,2.372
27.037,29.362,25.272,18.328,2.675
27.037,29.362,25.272,18.328,2.675
26.76,29.47,23.293,20.478,2.528
27.705,29.336,22.601,20.358,2.331
27.617,29.476,23.158,19.75,2.178
27.754,29.259,24.11,18.877,2.227
29.259,28.333,23.714,18.694,2.006
27.782,28.846,24.875,18.496,2.482
27.782,28.846,24.875,18.496,2.482
26.73,28.972,24.961,19.337,2.472
26.644,28.453,26.916,17.988,2.706
27.717,28.943,25.292,18.048,2.809
26.56,27.733,28.529,17.178,3.007
26.74,28.435,27.086,17.739,2.69
26.74,28.435,27.086,17.739,2.69
27.922,29.17,23.002,19.906,2.366
27.376,29.124,23.157,20.343,2.571
25.638,27.502,29.382,17.477,3.006
28.002,28.776,25.25,17.971,2.852
26.494,28.065,27.939,17.503,3.26
26.494,28.065,27.939,17.503,3.26
27.918,28.951,24.772,18.359,2.766
26.621,28.948,24.988,19.443,3.01
28.051,28.173,25.291,18.485,2.957
26.47,27.718,29.235,16.577,2.705
26.47,27.718,29.235,16.577,2.705
28.575,28.384,23.546,19.496,3.11
28.185,29.012,21.771,21.032,2.714
28.576,27.815,26.651,16.957,2.632
26.095,26.621,34.71,12.574,3.029
29.538,29.683,20.914,19.864,2.579
29.608,30.279,21.213,18.9,2.646
29.15,27.366,27.291,16.194,2.841
27.48,27.815,27.88,16.826,2.821
27.234,27.937,26.976,17.852,3.083
27.234,27.937,26.976,17.852,3.083
27.957,27.577,28.344,16.122,2.649
27.465,28.623,26.791,17.122,2.781
28.494,28.268,25.307,17.931,2.735
27.918,28.006,26.375,17.701,2.768
26.824,29.102,24.967,19.107,3.037
26.407,26.2,32.266,15.127,3.24
27.13,28.857,25.004,19.009,3.043
26.951,29.311,23.772,19.966,2.579
26.789,30.213,22.857,20.142,2.656
27.684,28.871,26.231,17.213,2.981
25.095,29.58,27.517,17.808,2.743
27.514,29.861,20.118,22.507,2.449
27.741,27.439,26.451,18.369,2.433
27.389,26.658,29.194,16.76,2.422
28.067,28.638,23.59,19.705,2.361
25.478,27.85,29.437,17.235,2.398
27.751,27.043,29.019,16.186,2.542
26.734,28.414,26.642,18.209,2.377
27.276,28.562,25.127,19.035,2.346
27.404,29.38,23.226,19.99,2.631
26.778,28.858,24.96,19.404,2.559
26.131,27.859,29.716,16.294,2.523
26.556,27.927,28.994,16.523,2.58
25.556,27.133,32.429,14.882,2.504
26.797,29.251,26.514,17.439,2.618
26.54,27.084,30.731,15.645,2.714
27.746,29.167,24.781,18.306,2.707
29.271,28.354,23.678,18.698,2.675
29.271,28.354,23.678,18.698,2.675
27.784,30.231,24.37,17.616,2.587
29.403,29.244,21.621,19.732,2.565
28.335,27.853,26.605,17.206,2.733
29.292,29.281,21.02,20.407,2.726
28.384,29.068,27.247,15.3,2.848
28.77,30.277,23.5,17.453,2.729
29.555,29.443,25.033,15.969,2.674
28.852,29.328,25.476,16.344,2.779
29.39,29.139,23.09,18.381,2.879
30.405,28.906,22.233,18.456,3.102
30.954,27.519,23.962,17.564,2.586
29.89,29.531,21.989,18.591,2.679
30.613,27.852,22.233,19.302,2.73
30.717,28.432,21.741,19.11,2.681
29.641,28.325,22.715,19.319,2.935
29.545,28.706,22.181,19.569,2.906
29.821,29.177,21.248,19.755,2.986
29.765,29.565,18.78,21.89,2.707
30.094,29.669,17.634,22.604,3.009
29.016,29.803,18.653,22.528,3.071
29.646,29.635,18.079,22.64,2.921
30.074,29.475,18.278,22.174,2.931
30.016,29.177,18.658,22.148,3.12
29.881,29.949,18.115,22.054,2.199
29.494,30.138,18.137,22.231,3.06
29.423,29.511,19.35,21.715,2.973
29.799,30.007,17.745,22.45,3.1
31.75,28.972,18.552,20.725,2.578
30.79,28.822,20.539,19.849,2.927
30.665,28.865,20.521,19.949,2.814
29.854,29.773,20.713,19.66,2.5
31.183,29.363,18.427,21.027,2.676
30.146,29.516,19.54,20.798,2.156
29.257,28.039,22.261,20.443,2.774
30.894,29.758,17.346,22.002,2.814
30.389,29.565,19.285,20.761,2.757
30.447,29.891,16.783,22.879,2.912
30.964,29.755,16.397,22.884,2.645
30.384,29.322,18.909,21.385,2.189
29.626,29.682,17.934,22.758,2.956
30.455,29.279,18.884,21.381,1.837
30.901,29.399,18.321,21.38,1.817
29.436,29.807,17.925,22.832,2.898
29.868,30.17,18.975,20.987,2.959
29.921,29.307,18.924,21.848,2.813
29.975,29.753,19.023,21.248,2.992
29.809,30.053,17.473,22.666,2.921
31.67,27.806,21.751,18.773,2.451
29.983,30,16.761,23.256,2.948
29.983,30,16.761,23.256,2.948
30.201,29.691,17.864,22.244,1.897
30.898,28.794,18.153,22.155,1.989
30.56,29.725,17.101,22.614,3.021
29.937,29.947,17.202,22.914,2.985
29.868,29.934,16.879,23.318,2.925
29.181,29.543,19.023,22.253,3.097
29.922,29.89,16.986,23.201,2.966
29.783,29.863,16.6,23.754,2.747
29.69,30.175,17.196,22.939,2.943
30.959,29.417,16.694,22.931,2.895
29.502,29.785,18.405,22.307,2.931
30.242,30.195,16.928,22.635,2.967
30.616,29.618,16.765,23.001,2.936
30.845,29.685,16.521,22.949,2.89
30.107,29.999,16.597,23.298,2.945
30.81,29.23,17.175,22.785,2.755
29.486,30.666,16.979,22.869,3.028
29.177,30.479,17.61,22.733,3.045
28.78,30.302,17.604,23.315,3.058
29.157,30.599,17.399,22.846,3
29.01,29.921,19.557,21.512,3.152
29.763,30.381,16.712,23.143,2.741
29.918,30.423,16.46,23.199,2.933
29.172,30.351,16.968,23.508,2.803
30.517,29.696,16.769,23.018,2.712
28.863,29.93,18.576,22.631,2.834
31.567,29.439,16.802,22.191,1.761
30.421,30.054,16.171,23.355,1.802
31.617,29.644,16.533,22.206,1.748
32.222,29.219,16.355,22.205,1.677
30.346,29.721,16.821,23.112,1.677
30.874,29.792,16.903,22.43,1.67
29.855,30.092,17.874,22.179,1.758
30.114,30.114,17.521,22.25,1.826
30.66,29.619,16.991,22.729,1.786
29.579,27.558,25.951,16.911,2.535
30.89,28.977,19.69,20.443,1.995
29.811,28.651,21.963,19.575,2.704
32.365,28.286,20.621,18.728,2.222
31.43,29.201,16.597,22.771,1.992
31.708,28.189,17.273,22.83,1.877
32.153,28.248,17.32,22.278,1.867
31.336,28.801,16.031,23.832,1.849
31.212,30.048,17.244,21.496,1.991
32.066,28.531,15.835,23.568,1.964
31.605,28.664,16.496,23.234,2.007
30.975,29.455,16.873,22.698,1.889
31.529,27.246,24.966,16.259,2.862
28.05,28.88,24.746,18.324,2.382
29.89,28.665,22.762,18.684,2.358
31.965,29.032,18.329,20.673,2.215
31.789,29.047,18.148,21.016,2.231
30.549,29.162,19.537,20.752,1.946
32.808,29.516,16.497,21.179,2.209
30.328,29.166,19.411,21.096,1.892
30.034,29.247,19.479,21.239,1.876
30.347,29.121,20.803,19.728,1.862
27.662,27.714,28.314,16.311,2.61
30.222,29.489,17.788,22.502,2.315
29.11,27.982,24.377,18.531,2.365
28.398,28.266,24.453,18.883,2.489
31.174,28.634,18.325,21.866,2.135
30.709,28.914,17.739,22.639,2.191
30.726,28.989,18.213,22.072,2.218
30.413,29.017,18.416,22.155,2.214
30.875,28.085,21.076,19.965,2.101
31.959,29.058,19.475,19.507,2.467
33.168,29.073,18.102,19.658,2.244
29.255,30.045,22.809,17.891,2.483
33.669,29.272,18.072,18.987,2.288
33.468,29.204,17.862,19.467,2.306
33.786,29.325,18.731,18.158,2.34
33.475,29.292,18.348,18.885,2.302
33.521,29.754,17.708,19.017,2.238
33.507,29.625,17.216,19.651,2.193
33.835,29.012,18.119,19.034,2.093
32.801,29.152,18.201,19.847,2.255
31.884,29.046,19.392,19.677,2.189
32.467,28.695,18.201,20.637,2.251
33.11,28.431,18.18,20.278,2.224
32.78,28.632,18.785,19.803,2.211
34.396,28.32,17.971,19.314,2.255
32.304,28.409,20.616,18.67,2.227
32.64,28.6,19.63,19.13,2.188
32.23,28.614,20.155,19.001,2.207
34.894,27.974,18.498,18.634,2.369
32.429,28.004,20.446,19.122,2.286
31.657,28.903,20.722,18.718,2.119
31.657,28.903,20.722,18.718,2.119
29.535,29.181,20.253,21.031,2.155
28.752,28.839,23.891,18.518,2.139
31.553,28.487,21.067,18.892,2.374
32.216,27.884,20.915,18.984,2.285
31.988,28.187,21.512,18.313,2.231
31.971,28.1,21.686,18.242,2.271
32.209,28.491,21.149,18.15,2.376
35.589,27.757,17.279,19.375,2.397
35.517,27.819,16.783,19.881,2.336
34.744,27.981,17.898,19.377,2.365
31.5,29.082,20.998,18.42,2.37
33.136,28.886,18.264,19.713,2.372
33.034,28.931,18.841,19.194,2.426
33.353,28.577,19.931,18.139,2.326
29.724,28.95,24.365,16.961,2.802
34.592,28.148,17.757,19.503,2.399
33.357,29.073,15.589,21.981,2.007
35.224,27.467,19.344,17.965,2.457
33.209,28.552,18.978,19.262,2.322
35.861,28.377,15.159,20.603,1.94
32.588,29.314,18.991,19.106,2.264
32.189,29.654,15.351,22.806,1.939
33.536,29.037,14.975,22.452,1.883
33.181,28.878,15.192,22.749,1.885
32.949,29.204,15.437,22.41,2.044
35.435,28.695,15.55,20.32,1.846
33.27,29.234,16.453,21.043,1.988
33.244,28.992,15.678,22.086,1.907
33.794,28.831,15.893,21.482,1.882
34.192,28.59,15.333,21.885,1.853
33.327,28.89,16.714,21.069,1.941
33.157,29.084,17.075,20.683,1.988
31.632,29.134,17.603,21.631,2.077
32.166,28.866,17.747,21.221,2.089
32.464,28.971,17.507,21.058,2.053
29.448,30.348,17.238,22.966,1.944
34.634,27.785,16.875,20.706,1.999
28.513,29.193,24.073,18.221,3.092
29.205,29.118,22.775,18.902,2.167
28.66,29.698,22.305,19.336,2.284
31.009,28.349,20.259,20.383,2.379
30.068,29.405,20.937,19.59,2.503
30.057,28.14,23.933,17.87,2.067
29.64,28.834,22.046,19.48,2.14
31.217,28.109,20.287,20.387,2.421
30.67,27.931,23.317,18.081,2.249
29.591,28.844,22.271,19.294,2.584
28.436,28.247,26.488,16.829,2.257
27.965,28.494,25.729,17.813,2.664
27.57,27.449,28.315,16.666,2.395
27.916,27.337,27.278,17.469,2.341
29.195,27.789,25.28,17.736,2.295
30.066,28.943,20.913,20.078,2.226
30.54,28.691,20.669,20.099,2.386
29.114,29.175,22.314,19.397,2.001
29.412,29.233,20.872,20.483,2.082
29.553,29.221,20.208,21.018,2.098
34.878,28.66,15.878,20.584,2.369
31.704,28.913,17.549,21.835,2.378
35.577,28.254,15.559,20.61,2.429
34.785,28.922,16.304,19.99,2.356
33.659,28.331,17.345,20.665,2.125
34.755,28.698,15.966,20.581,2.367
33.691,29.087,16.879,20.343,2.352
35.405,28.875,15.828,19.892,2.302
32.882,28.958,17.369,20.791,2.252
31.936,29.293,17.789,20.982,2.384
32.319,29.92,17.11,20.651,2.341
29.742,29.578,19.916,20.764,2.07
34.451,29.495,15.695,20.359,2.206
32.306,30.287,16.943,20.465,2.083
31.941,30.263,17.345,20.452,2.269
33.534,29.475,17.111,19.88,2.275
33.018,29.698,17.58,19.704,2.307
31.848,30.541,16.826,20.785,2.252
35.165,28.369,16.359,20.107,2.399
29.812,29.053,21.105,20.03,2.15
31.574,29.33,17.739,21.357,2.153
29.643,29.153,20.987,20.218,2.19
29.106,29.582,21.647,19.665,2.19
29.949,28.217,22.501,19.333,2.151
32.278,30.246,16.363,21.113,2.416
32.441,30.081,17.938,19.539,2.381
31.443,30.252,17.553,20.752,2.566
32.341,29.125,18.009,20.525,2.36
34.584,28.643,15.505,21.268,2.31
32.596,29.552,17.522,20.33,2.419
30.48,31.118,19.967,18.435,2.475
31.146,30.78,18.424,19.65,2.536
33.344,29.495,15.781,21.38,2.305
35.129,29.14,14.429,21.303,2.192
34.958,29.902,14.179,20.962,2.341
31.892,28.196,20.771,19.141,2.149
35.571,28.674,14.751,21.004,2.307
32.166,28.985,17.397,21.452,2.275
31.254,27.451,24.216,17.079,2.097
28.421,29.661,22.568,19.35,2.534
29.69,29.238,21.441,19.631,2.493
33.171,29.381,16.489,20.959,2.19
34.254,28.137,17.291,20.319,2.463
33.259,28.752,15.8,22.19,2.258
33.752,28.793,15.449,22.006,2.333
33.942,28.195,17.355,20.508,2.327
31.549,28.826,19.193,20.432,2.315
29.083,27.769,24.926,18.222,2.678
33.167,29.384,15.142,22.307,2.327
30.362,28.936,19.411,21.291,1.897
34.344,29.424,14.855,21.377,2.179
33.99,29.031,16.507,20.473,2.3
33.483,28.843,15.458,22.216,2.204
35.673,28.308,14.218,21.801,2.081
34.863,28.703,15.519,20.915,2.269
34.111,29.09,15.03,21.77,2.329
33.614,29.159,15.065,22.162,2.332
35.43,28.24,15.1,21.23,2.194
35.182,27.993,15.908,20.917,2.22
36.112,27.552,15.177,21.159,2.293
31.599,29.172,18.932,20.296,2.878
29.145,27.202,26.281,17.373,2.964
30.692,29.079,18.604,21.626,2.439
29.7,28.845,22.394,19.061,2.45
29.897,28.238,22.345,19.52,2.534
31.675,29.089,17.73,21.505,2.307
32.351,28.266,18.088,21.294,2.034
32.49,29.104,18.808,19.598,2.467
34.852,29.282,16.075,19.791,2.205
30.774,28.614,20.046,20.565,1.897
33.958,28.24,17.226,20.577,2.111
31.121,29.866,18.463,20.551,2.866
31.721,29.293,20.076,18.909,2.575
31.129,29.051,20.684,19.136,2.524
30.451,28.5,21.739,19.31,2.112
29.386,29.079,21.419,20.116,2.087
29.693,28.794,21.849,19.664,2.38
31.462,29.067,17.499,21.972,2.387
29.854,29.283,20.402,20.461,2.463
28.843,28.743,23.122,19.292,2.601
30.327,27.876,21.684,20.113,2.432
30.882,29.162,19.146,20.81,2.366
32.53,27.98,19.393,20.096,2.284
29.568,28.596,23.713,18.123,2.272
30.639,29.656,18.947,20.758,2.199
30.285,29.314,21.221,19.18,2.351
29.537,29.497,23.323,17.643,2.488
30.268,29.253,20.89,19.589,2.41
29.889,29.442,21.167,19.502,2.108
29.309,28.661,21.746,20.283,2.088
29.688,28.824,22.432,19.056,2.131
27.178,29.877,22.882,20.063,2.227
28.513,28.405,24.293,18.789,2.217
28.268,29.265,21.981,20.486,1.836
29.108,28.983,20.959,20.95,2.204
30.241,29.553,19.782,20.424,2.243
30.203,30.134,17.031,22.632,2.154
27.401,31.081,19.877,21.641,2.1
28.912,30.482,19.594,21.012,2.131
30.098,29.631,22.036,18.235,2.208
29.55,29.958,20.4,20.092,2.317
29.728,29.482,21.144,19.646,2.382
28.891,29.099,22.858,19.152,2.336
30.837,29.053,18.421,21.69,2.235
30.125,29.798,17.787,22.29,2.461
31.106,30.382,16.204,22.309,2.244
29.807,30.482,16.966,22.745,2.253
28.627,31.109,16.465,23.8,2.248
29.741,31.66,14.416,24.183,1.805
29.656,29.91,20.188,20.246,2.073
28.756,29.838,20.998,20.408,2.172
28.742,30.004,21.452,19.802,2.326
29.293,30.104,18.626,21.977,2.127
30.962,29.575,20.535,18.928,2.195
30.187,30.052,21.335,18.426,2.442
29.801,29.94,20.713,19.547,2.381
30.091,29.068,20.621,20.221,2.087
29.515,30.509,20.448,19.529,1.847
30.801,29.847,21.55,17.802,2.22
29.166,30.587,21.666,18.58,2.063
26.794,31.937,21.577,19.692,2.202
30.077,30.427,19.828,19.668,1.902
29.576,30.438,19.502,20.484,1.998
